variant,baseline,target_wave,predictor,n_train,n_observed,coverage,observed_levels,globally_eligible,training_eligible
1290,covariates_only,w11,kp_010,10614,10614,1,6,TRUE,TRUE
1290,covariates_only,w11,kp_020,10614,10614,1,6,TRUE,TRUE
1290,covariates_only,w11,kp_1130,10614,10614,1,8,TRUE,TRUE
1290,covariates_only,w11,kp_1500,10614,10614,1,14,TRUE,TRUE
1290,covariates_only,w11,kp_780,10614,10614,1,7,TRUE,TRUE
1290,covariates_only,w11,kp_820,10614,10614,1,7,TRUE,TRUE
1290,covariates_only,w11,pi_2280,10614,10611,0.9997173544375353,2,TRUE,TRUE
1290,covariates_only,w11,pi_2290s,10614,10611,0.9997173544375353,45,FALSE,FALSE
1290,covariates_only,w11,pi_2320,10614,10611,0.9997173544375353,8,TRUE,TRUE
1290,covariates_only,w11,pi_2591,10614,10378,0.9777652157527793,13,TRUE,TRUE
1290,covariates_only,w14,kp_010,20105,20105,1,6,TRUE,TRUE
1290,covariates_only,w14,kp_020,20105,10614,0.5279283760258642,6,TRUE,TRUE
1290,covariates_only,w14,kp_1130,20105,20105,1,8,TRUE,TRUE
1290,covariates_only,w14,kp_1500,20105,20105,1,14,TRUE,TRUE
1290,covariates_only,w14,kp_780,20105,20105,1,7,TRUE,TRUE
1290,covariates_only,w14,kp_820,20105,20105,1,7,TRUE,TRUE
1290,covariates_only,w14,pi_2280,20105,20098,0.9996518279035066,2,TRUE,TRUE
1290,covariates_only,w14,pi_2290s,20105,20098,0.9996518279035066,45,FALSE,FALSE
1290,covariates_only,w14,pi_2320,20105,20098,0.9996518279035066,8,TRUE,TRUE
1290,covariates_only,w14,pi_2591,20105,19655,0.9776175080825665,13,TRUE,TRUE
1290,covariates_only,w15,kp_010,28599,28599,1,6,TRUE,TRUE
1290,covariates_only,w15,kp_020,28599,19108,0.6681352494842477,6,TRUE,TRUE
1290,covariates_only,w15,kp_1130,28599,28599,1,9,TRUE,TRUE
1290,covariates_only,w15,kp_1500,28599,28599,1,14,TRUE,TRUE
1290,covariates_only,w15,kp_780,28599,28599,1,7,TRUE,TRUE
1290,covariates_only,w15,kp_820,28599,28599,1,7,TRUE,TRUE
1290,covariates_only,w15,pi_2280,28599,28585,0.9995104723941397,2,TRUE,TRUE
1290,covariates_only,w15,pi_2290s,28599,28585,0.9995104723941397,45,FALSE,FALSE
1290,covariates_only,w15,pi_2320,28599,28585,0.9995104723941397,8,TRUE,TRUE
1290,covariates_only,w15,pi_2591,28599,27955,0.9774817301304242,13,TRUE,TRUE
1290,covariates_only,w22,kp_010,44012,44012,1,6,TRUE,TRUE
1290,covariates_only,w22,kp_020,44012,34521,0.784354267018086,6,TRUE,TRUE
1290,covariates_only,w22,kp_1130,44012,44012,1,9,TRUE,TRUE
1290,covariates_only,w22,kp_1500,44012,44012,1,14,TRUE,TRUE
1290,covariates_only,w22,kp_780,44012,44012,1,7,TRUE,TRUE
1290,covariates_only,w22,kp_820,44012,44012,1,7,TRUE,TRUE
1290,covariates_only,w22,pi_2280,44012,43990,0.9995001363264564,2,TRUE,TRUE
1290,covariates_only,w22,pi_2290s,44012,43990,0.9995001363264564,49,FALSE,FALSE
1290,covariates_only,w22,pi_2320,44012,43990,0.9995001363264564,8,TRUE,TRUE
1290,covariates_only,w22,pi_2591,44012,43096,0.979187494319731,13,TRUE,TRUE
1290,covariates_only,w23,kp_010,55825,55825,1,6,TRUE,TRUE
1290,covariates_only,w23,kp_020,55825,46334,0.829986565158979,6,TRUE,TRUE
1290,covariates_only,w23,kp_1130,55825,55825,1,9,TRUE,TRUE
1290,covariates_only,w23,kp_1500,55825,55825,1,14,TRUE,TRUE
1290,covariates_only,w23,kp_780,55825,55825,1,7,TRUE,TRUE
1290,covariates_only,w23,kp_820,55825,55825,1,7,TRUE,TRUE
1290,covariates_only,w23,pi_2280,55825,55797,0.9994984326018809,2,TRUE,TRUE
1290,covariates_only,w23,pi_2290s,55825,55797,0.9994984326018809,49,FALSE,FALSE
1290,covariates_only,w23,pi_2320,55825,55797,0.9994984326018809,8,TRUE,TRUE
1290,covariates_only,w23,pi_2591,55825,54707,0.9799731303179579,13,TRUE,TRUE
1290,covariates_only,w25,kp_010,66551,66551,1,6,TRUE,TRUE
1290,covariates_only,w25,kp_020,66551,57060,0.8573875674294902,7,TRUE,TRUE
1290,covariates_only,w25,kp_1130,66551,66551,1,9,TRUE,TRUE
1290,covariates_only,w25,kp_1500,66551,66551,1,14,TRUE,TRUE
1290,covariates_only,w25,kp_780,66551,66551,1,7,TRUE,TRUE
1290,covariates_only,w25,kp_820,66551,66551,1,7,TRUE,TRUE
1290,covariates_only,w25,pi_2280,66551,66517,0.999489113612117,2,TRUE,TRUE
1290,covariates_only,w25,pi_2290s,66551,66517,0.999489113612117,49,FALSE,FALSE
1290,covariates_only,w25,pi_2320,66551,66517,0.999489113612117,8,TRUE,TRUE
1290,covariates_only,w25,pi_2591,66551,65241,0.9803158479962736,13,TRUE,TRUE
1290,covariates_only,w26,kp_010,76366,76366,1,6,TRUE,TRUE
1290,covariates_only,w26,kp_020,76366,66875,0.8757169420946495,7,TRUE,TRUE
1290,covariates_only,w26,kp_1130,76366,76366,1,9,TRUE,TRUE
1290,covariates_only,w26,kp_1500,76366,76366,1,14,TRUE,TRUE
1290,covariates_only,w26,kp_780,76366,76366,1,7,TRUE,TRUE
1290,covariates_only,w26,kp_820,76366,76366,1,7,TRUE,TRUE
1290,covariates_only,w26,pi_2280,76366,76325,0.9994631118560616,2,TRUE,TRUE
1290,covariates_only,w26,pi_2290s,76366,76325,0.9994631118560616,49,FALSE,FALSE
1290,covariates_only,w26,pi_2320,76366,76325,0.9994631118560616,8,TRUE,TRUE
1290,covariates_only,w26,pi_2591,76366,74868,0.9803839404970799,13,TRUE,TRUE
1290,lag_covariates,w14,kp_010,8507,8507,1,6,TRUE,TRUE
1290,lag_covariates,w14,kp_020,8507,0,0,0,TRUE,FALSE
1290,lag_covariates,w14,kp_1130,8507,8507,1,8,TRUE,TRUE
1290,lag_covariates,w14,kp_1500,8507,8507,1,14,TRUE,TRUE
1290,lag_covariates,w14,kp_780,8507,8507,1,6,TRUE,TRUE
1290,lag_covariates,w14,kp_820,8507,8507,1,6,TRUE,TRUE
1290,lag_covariates,w14,pi_2280,8507,8506,0.9998824497472669,2,TRUE,TRUE
1290,lag_covariates,w14,pi_2290s,8507,8506,0.9998824497472669,45,FALSE,FALSE
1290,lag_covariates,w14,pi_2320,8507,8506,0.9998824497472669,7,TRUE,TRUE
1290,lag_covariates,w14,pi_2591,8507,8329,0.9790760550135182,13,TRUE,TRUE
1290,lag_covariates,w15,kp_010,15825,15825,1,6,TRUE,TRUE
1290,lag_covariates,w15,kp_020,15825,7318,0.46243285939968404,6,TRUE,TRUE
1290,lag_covariates,w15,kp_1130,15825,15825,1,9,TRUE,TRUE
1290,lag_covariates,w15,kp_1500,15825,15825,1,14,TRUE,TRUE
1290,lag_covariates,w15,kp_780,15825,15825,1,6,TRUE,TRUE
1290,lag_covariates,w15,kp_820,15825,15825,1,6,TRUE,TRUE
1290,lag_covariates,w15,pi_2280,15825,15823,0.9998736176935229,2,TRUE,TRUE
1290,lag_covariates,w15,pi_2290s,15825,15823,0.9998736176935229,45,FALSE,FALSE
1290,lag_covariates,w15,pi_2320,15825,15823,0.9998736176935229,8,TRUE,TRUE
1290,lag_covariates,w15,pi_2591,15825,15504,0.9797156398104265,13,TRUE,TRUE
1290,lag_covariates,w22,kp_010,23236,23236,1,6,TRUE,TRUE
1290,lag_covariates,w22,kp_020,23236,14729,0.6338870717851609,6,TRUE,TRUE
1290,lag_covariates,w22,kp_1130,23236,23236,1,9,TRUE,TRUE
1290,lag_covariates,w22,kp_1500,23236,23236,1,14,TRUE,TRUE
1290,lag_covariates,w22,kp_780,23236,23236,1,6,TRUE,TRUE
1290,lag_covariates,w22,kp_820,23236,23236,1,6,TRUE,TRUE
1290,lag_covariates,w22,pi_2280,23236,23228,0.999655706662076,2,TRUE,TRUE
1290,lag_covariates,w22,pi_2290s,23236,23228,0.999655706662076,45,FALSE,FALSE
1290,lag_covariates,w22,pi_2320,23236,23228,0.999655706662076,8,TRUE,TRUE
1290,lag_covariates,w22,pi_2591,23236,22760,0.9795145463935273,13,TRUE,TRUE
1290,lag_covariates,w23,kp_010,34124,34124,1,6,TRUE,TRUE
1290,lag_covariates,w23,kp_020,34124,25617,0.7507033173133278,6,TRUE,TRUE
1290,lag_covariates,w23,kp_1130,34124,34124,1,9,TRUE,TRUE
1290,lag_covariates,w23,kp_1500,34124,34124,1,14,TRUE,TRUE
1290,lag_covariates,w23,kp_780,34124,34124,1,7,TRUE,TRUE
1290,lag_covariates,w23,kp_820,34124,34124,1,7,TRUE,TRUE
1290,lag_covariates,w23,pi_2280,34124,34111,0.9996190364552807,2,TRUE,TRUE
1290,lag_covariates,w23,pi_2290s,34124,34111,0.9996190364552807,49,FALSE,FALSE
1290,lag_covariates,w23,pi_2320,34124,34111,0.9996190364552807,8,TRUE,TRUE
1290,lag_covariates,w23,pi_2591,34124,33466,0.9807173836595944,13,TRUE,TRUE
1290,lag_covariates,w25,kp_010,43596,43596,1,6,TRUE,TRUE
1290,lag_covariates,w25,kp_020,43596,35089,0.8048674190292687,7,TRUE,TRUE
1290,lag_covariates,w25,kp_1130,43596,43596,1,9,TRUE,TRUE
1290,lag_covariates,w25,kp_1500,43596,43596,1,14,TRUE,TRUE
1290,lag_covariates,w25,kp_780,43596,43596,1,7,TRUE,TRUE
1290,lag_covariates,w25,kp_820,43596,43596,1,7,TRUE,TRUE
1290,lag_covariates,w25,pi_2280,43596,43578,0.999587118084228,2,TRUE,TRUE
1290,lag_covariates,w25,pi_2290s,43596,43578,0.999587118084228,49,FALSE,FALSE
1290,lag_covariates,w25,pi_2320,43596,43578,0.999587118084228,8,TRUE,TRUE
1290,lag_covariates,w25,pi_2591,43596,42783,0.9813515001376273,13,TRUE,TRUE
1290,lag_covariates,w26,kp_010,51993,51993,1,6,TRUE,TRUE
1290,lag_covariates,w26,kp_020,51993,43486,0.8363818206297001,7,TRUE,TRUE
1290,lag_covariates,w26,kp_1130,51993,51993,1,9,TRUE,TRUE
1290,lag_covariates,w26,kp_1500,51993,51993,1,14,TRUE,TRUE
1290,lag_covariates,w26,kp_780,51993,51993,1,7,TRUE,TRUE
1290,lag_covariates,w26,kp_820,51993,51993,1,7,TRUE,TRUE
1290,lag_covariates,w26,pi_2280,51993,51970,0.9995576327582559,2,TRUE,TRUE
1290,lag_covariates,w26,pi_2290s,51993,51970,0.9995576327582559,49,FALSE,FALSE
1290,lag_covariates,w26,pi_2320,51993,51970,0.9995576327582559,8,TRUE,TRUE
1290,lag_covariates,w26,pi_2591,51993,51030,0.9814782759217587,13,TRUE,TRUE
1290_original_scale,covariates_only,w11,kp_010,10614,10614,1,6,TRUE,TRUE
1290_original_scale,covariates_only,w11,kp_020,10614,10614,1,6,TRUE,TRUE
1290_original_scale,covariates_only,w11,kp_1130,10614,10614,1,8,TRUE,TRUE
1290_original_scale,covariates_only,w11,kp_1500,10614,10614,1,14,TRUE,TRUE
1290_original_scale,covariates_only,w11,kp_780,10614,10614,1,7,TRUE,TRUE
1290_original_scale,covariates_only,w11,kp_820,10614,10614,1,7,TRUE,TRUE
1290_original_scale,covariates_only,w11,pi_2280,10614,10611,0.9997173544375353,2,TRUE,TRUE
1290_original_scale,covariates_only,w11,pi_2290s,10614,10611,0.9997173544375353,45,FALSE,FALSE
1290_original_scale,covariates_only,w11,pi_2320,10614,10611,0.9997173544375353,8,TRUE,TRUE
1290_original_scale,covariates_only,w11,pi_2591,10614,10378,0.9777652157527793,13,TRUE,TRUE
1290_original_scale,covariates_only,w14,kp_010,20105,20105,1,6,TRUE,TRUE
1290_original_scale,covariates_only,w14,kp_020,20105,10614,0.5279283760258642,6,TRUE,TRUE
1290_original_scale,covariates_only,w14,kp_1130,20105,20105,1,8,TRUE,TRUE
1290_original_scale,covariates_only,w14,kp_1500,20105,20105,1,14,TRUE,TRUE
1290_original_scale,covariates_only,w14,kp_780,20105,20105,1,7,TRUE,TRUE
1290_original_scale,covariates_only,w14,kp_820,20105,20105,1,7,TRUE,TRUE
1290_original_scale,covariates_only,w14,pi_2280,20105,20098,0.9996518279035066,2,TRUE,TRUE
1290_original_scale,covariates_only,w14,pi_2290s,20105,20098,0.9996518279035066,45,FALSE,FALSE
1290_original_scale,covariates_only,w14,pi_2320,20105,20098,0.9996518279035066,8,TRUE,TRUE
1290_original_scale,covariates_only,w14,pi_2591,20105,19655,0.9776175080825665,13,TRUE,TRUE
1290_original_scale,covariates_only,w15,kp_010,28599,28599,1,6,TRUE,TRUE
1290_original_scale,covariates_only,w15,kp_020,28599,19108,0.6681352494842477,6,TRUE,TRUE
1290_original_scale,covariates_only,w15,kp_1130,28599,28599,1,9,TRUE,TRUE
1290_original_scale,covariates_only,w15,kp_1500,28599,28599,1,14,TRUE,TRUE
1290_original_scale,covariates_only,w15,kp_780,28599,28599,1,7,TRUE,TRUE
1290_original_scale,covariates_only,w15,kp_820,28599,28599,1,7,TRUE,TRUE
1290_original_scale,covariates_only,w15,pi_2280,28599,28585,0.9995104723941397,2,TRUE,TRUE
1290_original_scale,covariates_only,w15,pi_2290s,28599,28585,0.9995104723941397,45,FALSE,FALSE
1290_original_scale,covariates_only,w15,pi_2320,28599,28585,0.9995104723941397,8,TRUE,TRUE
1290_original_scale,covariates_only,w15,pi_2591,28599,27955,0.9774817301304242,13,TRUE,TRUE
1290_original_scale,covariates_only,w22,kp_010,44012,44012,1,6,TRUE,TRUE
1290_original_scale,covariates_only,w22,kp_020,44012,34521,0.784354267018086,6,TRUE,TRUE
1290_original_scale,covariates_only,w22,kp_1130,44012,44012,1,9,TRUE,TRUE
1290_original_scale,covariates_only,w22,kp_1500,44012,44012,1,14,TRUE,TRUE
1290_original_scale,covariates_only,w22,kp_780,44012,44012,1,7,TRUE,TRUE
1290_original_scale,covariates_only,w22,kp_820,44012,44012,1,7,TRUE,TRUE
1290_original_scale,covariates_only,w22,pi_2280,44012,43990,0.9995001363264564,2,TRUE,TRUE
1290_original_scale,covariates_only,w22,pi_2290s,44012,43990,0.9995001363264564,49,FALSE,FALSE
1290_original_scale,covariates_only,w22,pi_2320,44012,43990,0.9995001363264564,8,TRUE,TRUE
1290_original_scale,covariates_only,w22,pi_2591,44012,43096,0.979187494319731,13,TRUE,TRUE
1290_original_scale,covariates_only,w23,kp_010,55825,55825,1,6,TRUE,TRUE
1290_original_scale,covariates_only,w23,kp_020,55825,46334,0.829986565158979,6,TRUE,TRUE
1290_original_scale,covariates_only,w23,kp_1130,55825,55825,1,9,TRUE,TRUE
1290_original_scale,covariates_only,w23,kp_1500,55825,55825,1,14,TRUE,TRUE
1290_original_scale,covariates_only,w23,kp_780,55825,55825,1,7,TRUE,TRUE
1290_original_scale,covariates_only,w23,kp_820,55825,55825,1,7,TRUE,TRUE
1290_original_scale,covariates_only,w23,pi_2280,55825,55797,0.9994984326018809,2,TRUE,TRUE
1290_original_scale,covariates_only,w23,pi_2290s,55825,55797,0.9994984326018809,49,FALSE,FALSE
1290_original_scale,covariates_only,w23,pi_2320,55825,55797,0.9994984326018809,8,TRUE,TRUE
1290_original_scale,covariates_only,w23,pi_2591,55825,54707,0.9799731303179579,13,TRUE,TRUE
1290_original_scale,covariates_only,w25,kp_010,66551,66551,1,6,TRUE,TRUE
1290_original_scale,covariates_only,w25,kp_020,66551,57060,0.8573875674294902,7,TRUE,TRUE
1290_original_scale,covariates_only,w25,kp_1130,66551,66551,1,9,TRUE,TRUE
1290_original_scale,covariates_only,w25,kp_1500,66551,66551,1,14,TRUE,TRUE
1290_original_scale,covariates_only,w25,kp_780,66551,66551,1,7,TRUE,TRUE
1290_original_scale,covariates_only,w25,kp_820,66551,66551,1,7,TRUE,TRUE
1290_original_scale,covariates_only,w25,pi_2280,66551,66517,0.999489113612117,2,TRUE,TRUE
1290_original_scale,covariates_only,w25,pi_2290s,66551,66517,0.999489113612117,49,FALSE,FALSE
1290_original_scale,covariates_only,w25,pi_2320,66551,66517,0.999489113612117,8,TRUE,TRUE
1290_original_scale,covariates_only,w25,pi_2591,66551,65241,0.9803158479962736,13,TRUE,TRUE
1290_original_scale,covariates_only,w26,kp_010,76366,76366,1,6,TRUE,TRUE
1290_original_scale,covariates_only,w26,kp_020,76366,66875,0.8757169420946495,7,TRUE,TRUE
1290_original_scale,covariates_only,w26,kp_1130,76366,76366,1,9,TRUE,TRUE
1290_original_scale,covariates_only,w26,kp_1500,76366,76366,1,14,TRUE,TRUE
1290_original_scale,covariates_only,w26,kp_780,76366,76366,1,7,TRUE,TRUE
1290_original_scale,covariates_only,w26,kp_820,76366,76366,1,7,TRUE,TRUE
1290_original_scale,covariates_only,w26,pi_2280,76366,76325,0.9994631118560616,2,TRUE,TRUE
1290_original_scale,covariates_only,w26,pi_2290s,76366,76325,0.9994631118560616,49,FALSE,FALSE
1290_original_scale,covariates_only,w26,pi_2320,76366,76325,0.9994631118560616,8,TRUE,TRUE
1290_original_scale,covariates_only,w26,pi_2591,76366,74868,0.9803839404970799,13,TRUE,TRUE
1290_original_scale,lag_covariates,w14,kp_010,8507,8507,1,6,TRUE,TRUE
1290_original_scale,lag_covariates,w14,kp_020,8507,0,0,0,TRUE,FALSE
1290_original_scale,lag_covariates,w14,kp_1130,8507,8507,1,8,TRUE,TRUE
1290_original_scale,lag_covariates,w14,kp_1500,8507,8507,1,14,TRUE,TRUE
1290_original_scale,lag_covariates,w14,kp_780,8507,8507,1,6,TRUE,TRUE
1290_original_scale,lag_covariates,w14,kp_820,8507,8507,1,6,TRUE,TRUE
1290_original_scale,lag_covariates,w14,pi_2280,8507,8506,0.9998824497472669,2,TRUE,TRUE
1290_original_scale,lag_covariates,w14,pi_2290s,8507,8506,0.9998824497472669,45,FALSE,FALSE
1290_original_scale,lag_covariates,w14,pi_2320,8507,8506,0.9998824497472669,7,TRUE,TRUE
1290_original_scale,lag_covariates,w14,pi_2591,8507,8329,0.9790760550135182,13,TRUE,TRUE
1290_original_scale,lag_covariates,w15,kp_010,15825,15825,1,6,TRUE,TRUE
1290_original_scale,lag_covariates,w15,kp_020,15825,7318,0.46243285939968404,6,TRUE,TRUE
1290_original_scale,lag_covariates,w15,kp_1130,15825,15825,1,9,TRUE,TRUE
1290_original_scale,lag_covariates,w15,kp_1500,15825,15825,1,14,TRUE,TRUE
1290_original_scale,lag_covariates,w15,kp_780,15825,15825,1,6,TRUE,TRUE
1290_original_scale,lag_covariates,w15,kp_820,15825,15825,1,6,TRUE,TRUE
1290_original_scale,lag_covariates,w15,pi_2280,15825,15823,0.9998736176935229,2,TRUE,TRUE
1290_original_scale,lag_covariates,w15,pi_2290s,15825,15823,0.9998736176935229,45,FALSE,FALSE
1290_original_scale,lag_covariates,w15,pi_2320,15825,15823,0.9998736176935229,8,TRUE,TRUE
1290_original_scale,lag_covariates,w15,pi_2591,15825,15504,0.9797156398104265,13,TRUE,TRUE
1290_original_scale,lag_covariates,w22,kp_010,23236,23236,1,6,TRUE,TRUE
1290_original_scale,lag_covariates,w22,kp_020,23236,14729,0.6338870717851609,6,TRUE,TRUE
1290_original_scale,lag_covariates,w22,kp_1130,23236,23236,1,9,TRUE,TRUE
1290_original_scale,lag_covariates,w22,kp_1500,23236,23236,1,14,TRUE,TRUE
1290_original_scale,lag_covariates,w22,kp_780,23236,23236,1,6,TRUE,TRUE
1290_original_scale,lag_covariates,w22,kp_820,23236,23236,1,6,TRUE,TRUE
1290_original_scale,lag_covariates,w22,pi_2280,23236,23228,0.999655706662076,2,TRUE,TRUE
1290_original_scale,lag_covariates,w22,pi_2290s,23236,23228,0.999655706662076,45,FALSE,FALSE
1290_original_scale,lag_covariates,w22,pi_2320,23236,23228,0.999655706662076,8,TRUE,TRUE
1290_original_scale,lag_covariates,w22,pi_2591,23236,22760,0.9795145463935273,13,TRUE,TRUE
1290_original_scale,lag_covariates,w23,kp_010,34124,34124,1,6,TRUE,TRUE
1290_original_scale,lag_covariates,w23,kp_020,34124,25617,0.7507033173133278,6,TRUE,TRUE
1290_original_scale,lag_covariates,w23,kp_1130,34124,34124,1,9,TRUE,TRUE
1290_original_scale,lag_covariates,w23,kp_1500,34124,34124,1,14,TRUE,TRUE
1290_original_scale,lag_covariates,w23,kp_780,34124,34124,1,7,TRUE,TRUE
1290_original_scale,lag_covariates,w23,kp_820,34124,34124,1,7,TRUE,TRUE
1290_original_scale,lag_covariates,w23,pi_2280,34124,34111,0.9996190364552807,2,TRUE,TRUE
1290_original_scale,lag_covariates,w23,pi_2290s,34124,34111,0.9996190364552807,49,FALSE,FALSE
1290_original_scale,lag_covariates,w23,pi_2320,34124,34111,0.9996190364552807,8,TRUE,TRUE
1290_original_scale,lag_covariates,w23,pi_2591,34124,33466,0.9807173836595944,13,TRUE,TRUE
1290_original_scale,lag_covariates,w25,kp_010,43596,43596,1,6,TRUE,TRUE
1290_original_scale,lag_covariates,w25,kp_020,43596,35089,0.8048674190292687,7,TRUE,TRUE
1290_original_scale,lag_covariates,w25,kp_1130,43596,43596,1,9,TRUE,TRUE
1290_original_scale,lag_covariates,w25,kp_1500,43596,43596,1,14,TRUE,TRUE
1290_original_scale,lag_covariates,w25,kp_780,43596,43596,1,7,TRUE,TRUE
1290_original_scale,lag_covariates,w25,kp_820,43596,43596,1,7,TRUE,TRUE
1290_original_scale,lag_covariates,w25,pi_2280,43596,43578,0.999587118084228,2,TRUE,TRUE
1290_original_scale,lag_covariates,w25,pi_2290s,43596,43578,0.999587118084228,49,FALSE,FALSE
1290_original_scale,lag_covariates,w25,pi_2320,43596,43578,0.999587118084228,8,TRUE,TRUE
1290_original_scale,lag_covariates,w25,pi_2591,43596,42783,0.9813515001376273,13,TRUE,TRUE
1290_original_scale,lag_covariates,w26,kp_010,51993,51993,1,6,TRUE,TRUE
1290_original_scale,lag_covariates,w26,kp_020,51993,43486,0.8363818206297001,7,TRUE,TRUE
1290_original_scale,lag_covariates,w26,kp_1130,51993,51993,1,9,TRUE,TRUE
1290_original_scale,lag_covariates,w26,kp_1500,51993,51993,1,14,TRUE,TRUE
1290_original_scale,lag_covariates,w26,kp_780,51993,51993,1,7,TRUE,TRUE
1290_original_scale,lag_covariates,w26,kp_820,51993,51993,1,7,TRUE,TRUE
1290_original_scale,lag_covariates,w26,pi_2280,51993,51970,0.9995576327582559,2,TRUE,TRUE
1290_original_scale,lag_covariates,w26,pi_2290s,51993,51970,0.9995576327582559,49,FALSE,FALSE
1290_original_scale,lag_covariates,w26,pi_2320,51993,51970,0.9995576327582559,8,TRUE,TRUE
1290_original_scale,lag_covariates,w26,pi_2591,51993,51030,0.9814782759217587,13,TRUE,TRUE
1500,covariates_only,w14,kp_010,9699,9699,1,6,TRUE,TRUE
1500,covariates_only,w14,kp_020,9699,9699,1,6,TRUE,TRUE
1500,covariates_only,w14,kp_1130,9699,9699,1,8,TRUE,TRUE
1500,covariates_only,w14,kp_1290,9699,9699,1,8,TRUE,TRUE
1500,covariates_only,w14,kp_780,9699,9699,1,6,TRUE,TRUE
1500,covariates_only,w14,kp_820,9699,9699,1,6,TRUE,TRUE
1500,covariates_only,w14,pi_2280,9699,9697,0.9997937931745541,2,TRUE,TRUE
1500,covariates_only,w14,pi_2290s,9699,9697,0.9997937931745541,45,FALSE,FALSE
1500,covariates_only,w14,pi_2320,9699,9697,0.9997937931745541,8,TRUE,TRUE
1500,covariates_only,w14,pi_2591,9699,9488,0.9782451799154552,13,TRUE,TRUE
1500,covariates_only,w15,kp_010,17595,17595,1,6,TRUE,TRUE
1500,covariates_only,w15,kp_020,17595,17595,1,6,TRUE,TRUE
1500,covariates_only,w15,kp_1130,17595,17595,1,9,TRUE,TRUE
1500,covariates_only,w15,kp_1290,17595,17595,1,9,TRUE,TRUE
1500,covariates_only,w15,kp_780,17595,17595,1,6,TRUE,TRUE
1500,covariates_only,w15,kp_820,17595,17595,1,6,TRUE,TRUE
1500,covariates_only,w15,pi_2280,17595,17587,0.9995453253765274,2,TRUE,TRUE
1500,covariates_only,w15,pi_2290s,17595,17587,0.9995453253765274,45,FALSE,FALSE
1500,covariates_only,w15,pi_2320,17595,17587,0.9995453253765274,8,TRUE,TRUE
1500,covariates_only,w15,pi_2591,17595,17205,0.9778346121057119,13,TRUE,TRUE
1500,covariates_only,w22,kp_010,31935,31935,1,6,TRUE,TRUE
1500,covariates_only,w22,kp_020,31935,31935,1,6,TRUE,TRUE
1500,covariates_only,w22,kp_1130,31935,31935,1,9,TRUE,TRUE
1500,covariates_only,w22,kp_1290,31935,31935,1,9,TRUE,TRUE
1500,covariates_only,w22,kp_780,31935,31935,1,6,TRUE,TRUE
1500,covariates_only,w22,kp_820,31935,31935,1,6,TRUE,TRUE
1500,covariates_only,w22,pi_2280,31935,31920,0.9995302959135745,2,TRUE,TRUE
1500,covariates_only,w22,pi_2290s,31935,31920,0.9995302959135745,49,FALSE,FALSE
1500,covariates_only,w22,pi_2320,31935,31920,0.9995302959135745,8,TRUE,TRUE
1500,covariates_only,w22,pi_2591,31935,31303,0.9802098011586035,13,TRUE,TRUE
1500,covariates_only,w23,kp_010,42881,42881,1,6,TRUE,TRUE
1500,covariates_only,w23,kp_020,42881,42881,1,6,TRUE,TRUE
1500,covariates_only,w23,kp_1130,42881,42881,1,9,TRUE,TRUE
1500,covariates_only,w23,kp_1290,42881,42881,1,9,TRUE,TRUE
1500,covariates_only,w23,kp_780,42881,42881,1,7,TRUE,TRUE
1500,covariates_only,w23,kp_820,42881,42881,1,7,TRUE,TRUE
1500,covariates_only,w23,pi_2280,42881,42861,0.999533592966582,2,TRUE,TRUE
1500,covariates_only,w23,pi_2290s,42881,42861,0.999533592966582,49,FALSE,FALSE
1500,covariates_only,w23,pi_2320,42881,42861,0.999533592966582,8,TRUE,TRUE
1500,covariates_only,w23,pi_2591,42881,42063,0.9809239523332012,13,TRUE,TRUE
1500,covariates_only,w25,kp_010,52777,52777,1,6,TRUE,TRUE
1500,covariates_only,w25,kp_020,52777,52777,1,6,TRUE,TRUE
1500,covariates_only,w25,kp_1130,52777,52777,1,9,TRUE,TRUE
1500,covariates_only,w25,kp_1290,52777,52777,1,9,TRUE,TRUE
1500,covariates_only,w25,kp_780,52777,52777,1,7,TRUE,TRUE
1500,covariates_only,w25,kp_820,52777,52777,1,7,TRUE,TRUE
1500,covariates_only,w25,pi_2280,52777,52751,0.9995073611611118,2,TRUE,TRUE
1500,covariates_only,w25,pi_2290s,52777,52751,0.9995073611611118,49,FALSE,FALSE
1500,covariates_only,w25,pi_2320,52777,52751,0.9995073611611118,8,TRUE,TRUE
1500,covariates_only,w25,pi_2591,52777,51782,0.9811470905887034,13,TRUE,TRUE
1500,covariates_only,w26,kp_010,61862,61862,1,6,TRUE,TRUE
1500,covariates_only,w26,kp_020,61862,61862,1,6,TRUE,TRUE
1500,covariates_only,w26,kp_1130,61862,61862,1,9,TRUE,TRUE
1500,covariates_only,w26,kp_1290,61862,61862,1,9,TRUE,TRUE
1500,covariates_only,w26,kp_780,61862,61862,1,7,TRUE,TRUE
1500,covariates_only,w26,kp_820,61862,61862,1,7,TRUE,TRUE
1500,covariates_only,w26,pi_2280,61862,61829,0.999466554589247,2,TRUE,TRUE
1500,covariates_only,w26,pi_2290s,61862,61829,0.999466554589247,49,FALSE,FALSE
1500,covariates_only,w26,pi_2320,61862,61829,0.999466554589247,8,TRUE,TRUE
1500,covariates_only,w26,pi_2591,61862,60702,0.9812485855614109,13,TRUE,TRUE
1500,lag_covariates,w15,kp_010,6704,6704,1,6,TRUE,TRUE
1500,lag_covariates,w15,kp_020,6704,6704,1,6,TRUE,TRUE
1500,lag_covariates,w15,kp_1130,6704,6704,1,9,TRUE,TRUE
1500,lag_covariates,w15,kp_1290,6704,6704,1,9,TRUE,TRUE
1500,lag_covariates,w15,kp_780,6704,6704,1,6,TRUE,TRUE
1500,lag_covariates,w15,kp_820,6704,6704,1,6,TRUE,TRUE
1500,lag_covariates,w15,pi_2280,6704,6704,1,2,TRUE,TRUE
1500,lag_covariates,w15,pi_2290s,6704,6704,1,45,FALSE,FALSE
1500,lag_covariates,w15,pi_2320,6704,6704,1,7,TRUE,TRUE
1500,lag_covariates,w15,pi_2591,6704,6583,0.9819510739856802,13,TRUE,TRUE
1500,lag_covariates,w22,kp_010,13440,13440,1,6,TRUE,TRUE
1500,lag_covariates,w22,kp_020,13440,13440,1,6,TRUE,TRUE
1500,lag_covariates,w22,kp_1130,13440,13440,1,9,TRUE,TRUE
1500,lag_covariates,w22,kp_1290,13440,13440,1,9,TRUE,TRUE
1500,lag_covariates,w22,kp_780,13440,13440,1,6,TRUE,TRUE
1500,lag_covariates,w22,kp_820,13440,13440,1,6,TRUE,TRUE
1500,lag_covariates,w22,pi_2280,13440,13435,0.9996279761904762,2,TRUE,TRUE
1500,lag_covariates,w22,pi_2290s,13440,13435,0.9996279761904762,45,FALSE,FALSE
1500,lag_covariates,w22,pi_2320,13440,13435,0.9996279761904762,8,TRUE,TRUE
1500,lag_covariates,w22,pi_2591,13440,13180,0.9806547619047619,13,TRUE,TRUE
1500,lag_covariates,w23,kp_010,23311,23311,1,6,TRUE,TRUE
1500,lag_covariates,w23,kp_020,23311,23311,1,6,TRUE,TRUE
1500,lag_covariates,w23,kp_1130,23311,23311,1,9,TRUE,TRUE
1500,lag_covariates,w23,kp_1290,23311,23311,1,9,TRUE,TRUE
1500,lag_covariates,w23,kp_780,23311,23311,1,7,TRUE,TRUE
1500,lag_covariates,w23,kp_820,23311,23311,1,7,TRUE,TRUE
1500,lag_covariates,w23,pi_2280,23311,23302,0.9996139161769122,2,TRUE,TRUE
1500,lag_covariates,w23,pi_2290s,23311,23302,0.9996139161769122,49,FALSE,FALSE
1500,lag_covariates,w23,pi_2320,23311,23302,0.9996139161769122,8,TRUE,TRUE
1500,lag_covariates,w23,pi_2591,23311,22893,0.9820685513276993,13,TRUE,TRUE
1500,lag_covariates,w25,kp_010,31889,31889,1,6,TRUE,TRUE
1500,lag_covariates,w25,kp_020,31889,31889,1,6,TRUE,TRUE
1500,lag_covariates,w25,kp_1130,31889,31889,1,9,TRUE,TRUE
1500,lag_covariates,w25,kp_1290,31889,31889,1,9,TRUE,TRUE
1500,lag_covariates,w25,kp_780,31889,31889,1,7,TRUE,TRUE
1500,lag_covariates,w25,kp_820,31889,31889,1,7,TRUE,TRUE
1500,lag_covariates,w25,pi_2280,31889,31875,0.9995609771394525,2,TRUE,TRUE
1500,lag_covariates,w25,pi_2290s,31889,31875,0.9995609771394525,49,FALSE,FALSE
1500,lag_covariates,w25,pi_2320,31889,31875,0.9995609771394525,8,TRUE,TRUE
1500,lag_covariates,w25,pi_2591,31889,31330,0.9824704443538524,13,TRUE,TRUE
1500,lag_covariates,w26,kp_010,39498,39498,1,6,TRUE,TRUE
1500,lag_covariates,w26,kp_020,39498,39498,1,6,TRUE,TRUE
1500,lag_covariates,w26,kp_1130,39498,39498,1,9,TRUE,TRUE
1500,lag_covariates,w26,kp_1290,39498,39498,1,9,TRUE,TRUE
1500,lag_covariates,w26,kp_780,39498,39498,1,7,TRUE,TRUE
1500,lag_covariates,w26,kp_820,39498,39498,1,7,TRUE,TRUE
1500,lag_covariates,w26,pi_2280,39498,39479,0.9995189629854676,2,TRUE,TRUE
1500,lag_covariates,w26,pi_2290s,39498,39479,0.9995189629854676,49,FALSE,FALSE
1500,lag_covariates,w26,pi_2320,39498,39479,0.9995189629854676,8,TRUE,TRUE
1500,lag_covariates,w26,pi_2591,39498,38808,0.9825307610511924,13,TRUE,TRUE
1500_original_scale,covariates_only,w14,kp_010,9699,9699,1,6,TRUE,TRUE
1500_original_scale,covariates_only,w14,kp_020,9699,9699,1,6,TRUE,TRUE
1500_original_scale,covariates_only,w14,kp_1130,9699,9699,1,8,TRUE,TRUE
1500_original_scale,covariates_only,w14,kp_1290,9699,9699,1,8,TRUE,TRUE
1500_original_scale,covariates_only,w14,kp_780,9699,9699,1,6,TRUE,TRUE
1500_original_scale,covariates_only,w14,kp_820,9699,9699,1,6,TRUE,TRUE
1500_original_scale,covariates_only,w14,pi_2280,9699,9697,0.9997937931745541,2,TRUE,TRUE
1500_original_scale,covariates_only,w14,pi_2290s,9699,9697,0.9997937931745541,45,FALSE,FALSE
1500_original_scale,covariates_only,w14,pi_2320,9699,9697,0.9997937931745541,8,TRUE,TRUE
1500_original_scale,covariates_only,w14,pi_2591,9699,9488,0.9782451799154552,13,TRUE,TRUE
1500_original_scale,covariates_only,w15,kp_010,17595,17595,1,6,TRUE,TRUE
1500_original_scale,covariates_only,w15,kp_020,17595,17595,1,6,TRUE,TRUE
1500_original_scale,covariates_only,w15,kp_1130,17595,17595,1,9,TRUE,TRUE
1500_original_scale,covariates_only,w15,kp_1290,17595,17595,1,9,TRUE,TRUE
1500_original_scale,covariates_only,w15,kp_780,17595,17595,1,6,TRUE,TRUE
1500_original_scale,covariates_only,w15,kp_820,17595,17595,1,6,TRUE,TRUE
1500_original_scale,covariates_only,w15,pi_2280,17595,17587,0.9995453253765274,2,TRUE,TRUE
1500_original_scale,covariates_only,w15,pi_2290s,17595,17587,0.9995453253765274,45,FALSE,FALSE
1500_original_scale,covariates_only,w15,pi_2320,17595,17587,0.9995453253765274,8,TRUE,TRUE
1500_original_scale,covariates_only,w15,pi_2591,17595,17205,0.9778346121057119,13,TRUE,TRUE
1500_original_scale,covariates_only,w22,kp_010,31935,31935,1,6,TRUE,TRUE
1500_original_scale,covariates_only,w22,kp_020,31935,31935,1,6,TRUE,TRUE
1500_original_scale,covariates_only,w22,kp_1130,31935,31935,1,9,TRUE,TRUE
1500_original_scale,covariates_only,w22,kp_1290,31935,31935,1,9,TRUE,TRUE
1500_original_scale,covariates_only,w22,kp_780,31935,31935,1,6,TRUE,TRUE
1500_original_scale,covariates_only,w22,kp_820,31935,31935,1,6,TRUE,TRUE
1500_original_scale,covariates_only,w22,pi_2280,31935,31920,0.9995302959135745,2,TRUE,TRUE
1500_original_scale,covariates_only,w22,pi_2290s,31935,31920,0.9995302959135745,49,FALSE,FALSE
1500_original_scale,covariates_only,w22,pi_2320,31935,31920,0.9995302959135745,8,TRUE,TRUE
1500_original_scale,covariates_only,w22,pi_2591,31935,31303,0.9802098011586035,13,TRUE,TRUE
1500_original_scale,covariates_only,w23,kp_010,42881,42881,1,6,TRUE,TRUE
1500_original_scale,covariates_only,w23,kp_020,42881,42881,1,6,TRUE,TRUE
1500_original_scale,covariates_only,w23,kp_1130,42881,42881,1,9,TRUE,TRUE
1500_original_scale,covariates_only,w23,kp_1290,42881,42881,1,9,TRUE,TRUE
1500_original_scale,covariates_only,w23,kp_780,42881,42881,1,7,TRUE,TRUE
1500_original_scale,covariates_only,w23,kp_820,42881,42881,1,7,TRUE,TRUE
1500_original_scale,covariates_only,w23,pi_2280,42881,42861,0.999533592966582,2,TRUE,TRUE
1500_original_scale,covariates_only,w23,pi_2290s,42881,42861,0.999533592966582,49,FALSE,FALSE
1500_original_scale,covariates_only,w23,pi_2320,42881,42861,0.999533592966582,8,TRUE,TRUE
1500_original_scale,covariates_only,w23,pi_2591,42881,42063,0.9809239523332012,13,TRUE,TRUE
1500_original_scale,covariates_only,w25,kp_010,52777,52777,1,6,TRUE,TRUE
1500_original_scale,covariates_only,w25,kp_020,52777,52777,1,6,TRUE,TRUE
1500_original_scale,covariates_only,w25,kp_1130,52777,52777,1,9,TRUE,TRUE
1500_original_scale,covariates_only,w25,kp_1290,52777,52777,1,9,TRUE,TRUE
1500_original_scale,covariates_only,w25,kp_780,52777,52777,1,7,TRUE,TRUE
1500_original_scale,covariates_only,w25,kp_820,52777,52777,1,7,TRUE,TRUE
1500_original_scale,covariates_only,w25,pi_2280,52777,52751,0.9995073611611118,2,TRUE,TRUE
1500_original_scale,covariates_only,w25,pi_2290s,52777,52751,0.9995073611611118,49,FALSE,FALSE
1500_original_scale,covariates_only,w25,pi_2320,52777,52751,0.9995073611611118,8,TRUE,TRUE
1500_original_scale,covariates_only,w25,pi_2591,52777,51782,0.9811470905887034,13,TRUE,TRUE
1500_original_scale,covariates_only,w26,kp_010,61862,61862,1,6,TRUE,TRUE
1500_original_scale,covariates_only,w26,kp_020,61862,61862,1,6,TRUE,TRUE
1500_original_scale,covariates_only,w26,kp_1130,61862,61862,1,9,TRUE,TRUE
1500_original_scale,covariates_only,w26,kp_1290,61862,61862,1,9,TRUE,TRUE
1500_original_scale,covariates_only,w26,kp_780,61862,61862,1,7,TRUE,TRUE
1500_original_scale,covariates_only,w26,kp_820,61862,61862,1,7,TRUE,TRUE
1500_original_scale,covariates_only,w26,pi_2280,61862,61829,0.999466554589247,2,TRUE,TRUE
1500_original_scale,covariates_only,w26,pi_2290s,61862,61829,0.999466554589247,49,FALSE,FALSE
1500_original_scale,covariates_only,w26,pi_2320,61862,61829,0.999466554589247,8,TRUE,TRUE
1500_original_scale,covariates_only,w26,pi_2591,61862,60702,0.9812485855614109,13,TRUE,TRUE
1500_original_scale,lag_covariates,w15,kp_010,6704,6704,1,6,TRUE,TRUE
1500_original_scale,lag_covariates,w15,kp_020,6704,6704,1,6,TRUE,TRUE
1500_original_scale,lag_covariates,w15,kp_1130,6704,6704,1,9,TRUE,TRUE
1500_original_scale,lag_covariates,w15,kp_1290,6704,6704,1,9,TRUE,TRUE
1500_original_scale,lag_covariates,w15,kp_780,6704,6704,1,6,TRUE,TRUE
1500_original_scale,lag_covariates,w15,kp_820,6704,6704,1,6,TRUE,TRUE
1500_original_scale,lag_covariates,w15,pi_2280,6704,6704,1,2,TRUE,TRUE
1500_original_scale,lag_covariates,w15,pi_2290s,6704,6704,1,45,FALSE,FALSE
1500_original_scale,lag_covariates,w15,pi_2320,6704,6704,1,7,TRUE,TRUE
1500_original_scale,lag_covariates,w15,pi_2591,6704,6583,0.9819510739856802,13,TRUE,TRUE
1500_original_scale,lag_covariates,w22,kp_010,13440,13440,1,6,TRUE,TRUE
1500_original_scale,lag_covariates,w22,kp_020,13440,13440,1,6,TRUE,TRUE
1500_original_scale,lag_covariates,w22,kp_1130,13440,13440,1,9,TRUE,TRUE
1500_original_scale,lag_covariates,w22,kp_1290,13440,13440,1,9,TRUE,TRUE
1500_original_scale,lag_covariates,w22,kp_780,13440,13440,1,6,TRUE,TRUE
1500_original_scale,lag_covariates,w22,kp_820,13440,13440,1,6,TRUE,TRUE
1500_original_scale,lag_covariates,w22,pi_2280,13440,13435,0.9996279761904762,2,TRUE,TRUE
1500_original_scale,lag_covariates,w22,pi_2290s,13440,13435,0.9996279761904762,45,FALSE,FALSE
1500_original_scale,lag_covariates,w22,pi_2320,13440,13435,0.9996279761904762,8,TRUE,TRUE
1500_original_scale,lag_covariates,w22,pi_2591,13440,13180,0.9806547619047619,13,TRUE,TRUE
1500_original_scale,lag_covariates,w23,kp_010,23311,23311,1,6,TRUE,TRUE
1500_original_scale,lag_covariates,w23,kp_020,23311,23311,1,6,TRUE,TRUE
1500_original_scale,lag_covariates,w23,kp_1130,23311,23311,1,9,TRUE,TRUE
1500_original_scale,lag_covariates,w23,kp_1290,23311,23311,1,9,TRUE,TRUE
1500_original_scale,lag_covariates,w23,kp_780,23311,23311,1,7,TRUE,TRUE
1500_original_scale,lag_covariates,w23,kp_820,23311,23311,1,7,TRUE,TRUE
1500_original_scale,lag_covariates,w23,pi_2280,23311,23302,0.9996139161769122,2,TRUE,TRUE
1500_original_scale,lag_covariates,w23,pi_2290s,23311,23302,0.9996139161769122,49,FALSE,FALSE
1500_original_scale,lag_covariates,w23,pi_2320,23311,23302,0.9996139161769122,8,TRUE,TRUE
1500_original_scale,lag_covariates,w23,pi_2591,23311,22893,0.9820685513276993,13,TRUE,TRUE
1500_original_scale,lag_covariates,w25,kp_010,31889,31889,1,6,TRUE,TRUE
1500_original_scale,lag_covariates,w25,kp_020,31889,31889,1,6,TRUE,TRUE
1500_original_scale,lag_covariates,w25,kp_1130,31889,31889,1,9,TRUE,TRUE
1500_original_scale,lag_covariates,w25,kp_1290,31889,31889,1,9,TRUE,TRUE
1500_original_scale,lag_covariates,w25,kp_780,31889,31889,1,7,TRUE,TRUE
1500_original_scale,lag_covariates,w25,kp_820,31889,31889,1,7,TRUE,TRUE
1500_original_scale,lag_covariates,w25,pi_2280,31889,31875,0.9995609771394525,2,TRUE,TRUE
1500_original_scale,lag_covariates,w25,pi_2290s,31889,31875,0.9995609771394525,49,FALSE,FALSE
1500_original_scale,lag_covariates,w25,pi_2320,31889,31875,0.9995609771394525,8,TRUE,TRUE
1500_original_scale,lag_covariates,w25,pi_2591,31889,31330,0.9824704443538524,13,TRUE,TRUE
1500_original_scale,lag_covariates,w26,kp_010,39498,39498,1,6,TRUE,TRUE
1500_original_scale,lag_covariates,w26,kp_020,39498,39498,1,6,TRUE,TRUE
1500_original_scale,lag_covariates,w26,kp_1130,39498,39498,1,9,TRUE,TRUE
1500_original_scale,lag_covariates,w26,kp_1290,39498,39498,1,9,TRUE,TRUE
1500_original_scale,lag_covariates,w26,kp_780,39498,39498,1,7,TRUE,TRUE
1500_original_scale,lag_covariates,w26,kp_820,39498,39498,1,7,TRUE,TRUE
1500_original_scale,lag_covariates,w26,pi_2280,39498,39479,0.9995189629854676,2,TRUE,TRUE
1500_original_scale,lag_covariates,w26,pi_2290s,39498,39479,0.9995189629854676,49,FALSE,FALSE
1500_original_scale,lag_covariates,w26,pi_2320,39498,39479,0.9995189629854676,8,TRUE,TRUE
1500_original_scale,lag_covariates,w26,pi_2591,39498,38808,0.9825307610511924,13,TRUE,TRUE
