variant,task,baseline,wave,wave_order,ordinal_model,n_train,n_test,predictor_count,predictors_used,n_classes,convergence_code,convergence_message,log_likelihood,max_gradient,hessian_condition,iterations_outer,iterations_inner,threshold_count,thresholds_finite,thresholds_strictly_ordered,min_threshold_gap,probability_rows_valid,max_probability_sum_error,design_column_count,class_prediction_error,probability_prediction_error
1290,Climate-growth grouped,covariates_only,w10,10,not_estimated,0,10614,0,NA,NA,NA,NA,NA,NA,NA,NA,NA,NA,NA,NA,NA,NA,NA,NA,NA,NA
1290,Climate-growth grouped,covariates_only,w11,11,expanding_window_ordinal_probit_covariates_only,10614,9491,9,kp_010;kp_020;kp_1130;kp_1500;kp_780;kp_820;pi_2280;pi_2320;pi_2591,3,0,successful convergence,-9038.48886933226,NA,NA,304,74,2,TRUE,TRUE,0.8298476154719001,TRUE,0,63,NA,NA
1290,Climate-growth grouped,covariates_only,w14,14,expanding_window_ordinal_probit_covariates_only,20105,8494,9,kp_010;kp_020;kp_1130;kp_1500;kp_780;kp_820;pi_2280;pi_2320;pi_2591,3,0,successful convergence,-17337.381531625484,NA,NA,337,77,2,TRUE,TRUE,0.8107800854846134,TRUE,1.1102230246251563e-16,65,NA,NA
1290,Climate-growth grouped,covariates_only,w15,15,expanding_window_ordinal_probit_covariates_only,28599,15413,9,kp_010;kp_020;kp_1130;kp_1500;kp_780;kp_820;pi_2280;pi_2320;pi_2591,3,0,successful convergence,-25504.386368316456,NA,NA,353,75,2,TRUE,TRUE,0.849773252113835,TRUE,1.1102230246251563e-16,66,NA,NA
1290,Climate-growth grouped,covariates_only,w22,22,expanding_window_ordinal_probit_covariates_only,44012,11813,9,kp_010;kp_020;kp_1130;kp_1500;kp_780;kp_820;pi_2280;pi_2320;pi_2591,3,0,successful convergence,-40238.46169975549,NA,NA,374,74,2,TRUE,TRUE,0.8750890078356923,TRUE,1.1102230246251563e-16,66,NA,NA
1290,Climate-growth grouped,covariates_only,w23,23,expanding_window_ordinal_probit_covariates_only,55825,10726,9,kp_010;kp_020;kp_1130;kp_1500;kp_780;kp_820;pi_2280;pi_2320;pi_2591,3,0,successful convergence,-51325.40319344219,NA,NA,390,75,2,TRUE,TRUE,0.8607364856489208,TRUE,1.1102230246251563e-16,66,NA,NA
1290,Climate-growth grouped,covariates_only,w25,25,expanding_window_ordinal_probit_covariates_only,66551,9815,9,kp_010;kp_020;kp_1130;kp_1500;kp_780;kp_820;pi_2280;pi_2320;pi_2591,3,0,successful convergence,-61696.94799583306,NA,NA,392,75,2,TRUE,TRUE,0.833340040588528,TRUE,1.1102230246251563e-16,68,NA,NA
1290,Climate-growth grouped,covariates_only,w26,26,expanding_window_ordinal_probit_covariates_only,76366,8299,9,kp_010;kp_020;kp_1130;kp_1500;kp_780;kp_820;pi_2280;pi_2320;pi_2591,3,0,successful convergence,-71110.31167101211,NA,NA,404,77,2,TRUE,TRUE,0.8224363673328425,TRUE,1.1102230246251563e-16,68,NA,NA
1290,Climate-growth grouped,lag_and_covariates,w11,11,not_estimated,0,8507,0,NA,NA,NA,NA,NA,NA,NA,NA,NA,NA,NA,NA,NA,NA,NA,NA,NA,NA
1290,Climate-growth grouped,lag_and_covariates,w14,14,expanding_window_ordinal_probit_lag_covariates,8507,7318,9,vorwelle_label_cat;kp_010;kp_1130;kp_1500;kp_780;kp_820;pi_2280;pi_2320;pi_2591,3,0,successful convergence,-6350.546358866885,NA,NA,286,70,2,TRUE,TRUE,0.954119869704614,TRUE,1.1102230246251563e-16,59,NA,NA
1290,Climate-growth grouped,lag_and_covariates,w15,15,expanding_window_ordinal_probit_lag_covariates,15825,7411,10,vorwelle_label_cat;kp_010;kp_020;kp_1130;kp_1500;kp_780;kp_820;pi_2280;pi_2320;pi_2591,3,0,successful convergence,-12423.69407405644,NA,NA,331,79,2,TRUE,TRUE,1.0333361734065405,TRUE,1.1102230246251563e-16,67,NA,NA
1290,Climate-growth grouped,lag_and_covariates,w22,22,expanding_window_ordinal_probit_lag_covariates,23236,10888,10,vorwelle_label_cat;kp_010;kp_020;kp_1130;kp_1500;kp_780;kp_820;pi_2280;pi_2320;pi_2591,3,0,successful convergence,-18138.24824382121,NA,NA,352,75,2,TRUE,TRUE,1.094324168606137,TRUE,1.1102230246251563e-16,67,NA,NA
1290,Climate-growth grouped,lag_and_covariates,w23,23,expanding_window_ordinal_probit_lag_covariates,34124,9472,10,vorwelle_label_cat;kp_010;kp_020;kp_1130;kp_1500;kp_780;kp_820;pi_2280;pi_2320;pi_2591,3,0,successful convergence,-26880.945352436633,NA,NA,370,74,2,TRUE,TRUE,1.0573015196292006,TRUE,1.1102230246251563e-16,68,NA,NA
1290,Climate-growth grouped,lag_and_covariates,w25,25,expanding_window_ordinal_probit_lag_covariates,43596,8397,10,vorwelle_label_cat;kp_010;kp_020;kp_1130;kp_1500;kp_780;kp_820;pi_2280;pi_2320;pi_2591,3,0,successful convergence,-34398.53449233377,NA,NA,380,77,2,TRUE,TRUE,1.02156632800325,TRUE,1.1102230246251563e-16,70,NA,NA
1290,Climate-growth grouped,lag_and_covariates,w26,26,expanding_window_ordinal_probit_lag_covariates,51993,7383,10,vorwelle_label_cat;kp_010;kp_020;kp_1130;kp_1500;kp_780;kp_820;pi_2280;pi_2320;pi_2591,3,0,successful convergence,-41086.25852362609,NA,NA,390,78,2,TRUE,TRUE,1.0089544530703067,TRUE,1.1102230246251563e-16,70,NA,NA
1290_original_scale,Climate-growth original,covariates_only,w10,10,not_estimated,0,10614,0,NA,NA,NA,NA,NA,NA,NA,NA,NA,NA,NA,NA,NA,NA,NA,NA,NA,NA
1290_original_scale,Climate-growth original,covariates_only,w11,11,expanding_window_ordinal_probit_covariates_only,10614,9491,9,kp_010;kp_020;kp_1130;kp_1500;kp_780;kp_820;pi_2280;pi_2320;pi_2591,7,0,successful convergence,-17681.666023680325,NA,NA,340,73,6,TRUE,TRUE,0.41890695659693034,TRUE,0,63,NA,NA
1290_original_scale,Climate-growth original,covariates_only,w14,14,expanding_window_ordinal_probit_covariates_only,20105,8494,9,kp_010;kp_020;kp_1130;kp_1500;kp_780;kp_820;pi_2280;pi_2320;pi_2591,7,0,successful convergence,-33771.480314343215,NA,NA,368,77,6,TRUE,TRUE,0.43188397722106187,TRUE,0,65,NA,NA
1290_original_scale,Climate-growth original,covariates_only,w15,15,expanding_window_ordinal_probit_covariates_only,28599,15413,9,kp_010;kp_020;kp_1130;kp_1500;kp_780;kp_820;pi_2280;pi_2320;pi_2591,7,0,successful convergence,-48243.952900381904,NA,NA,391,77,6,TRUE,TRUE,0.44397157425825107,TRUE,0,66,NA,NA
1290_original_scale,Climate-growth original,covariates_only,w22,22,expanding_window_ordinal_probit_covariates_only,44012,11813,9,kp_010;kp_020;kp_1130;kp_1500;kp_780;kp_820;pi_2280;pi_2320;pi_2591,7,0,successful convergence,-74439.0714459914,NA,NA,409,76,6,TRUE,TRUE,0.455798576030693,TRUE,0,66,NA,NA
1290_original_scale,Climate-growth original,covariates_only,w23,23,expanding_window_ordinal_probit_covariates_only,55825,10726,9,kp_010;kp_020;kp_1130;kp_1500;kp_780;kp_820;pi_2280;pi_2320;pi_2591,7,0,successful convergence,-94921.75464612784,NA,NA,428,77,6,TRUE,TRUE,0.45092073527854737,TRUE,0,66,NA,NA
1290_original_scale,Climate-growth original,covariates_only,w25,25,expanding_window_ordinal_probit_covariates_only,66551,9815,9,kp_010;kp_020;kp_1130;kp_1500;kp_780;kp_820;pi_2280;pi_2320;pi_2591,7,0,successful convergence,-114072.09509702776,NA,NA,432,81,6,TRUE,TRUE,0.4430470944308813,TRUE,0,68,NA,NA
1290_original_scale,Climate-growth original,covariates_only,w26,26,expanding_window_ordinal_probit_covariates_only,76366,8299,9,kp_010;kp_020;kp_1130;kp_1500;kp_780;kp_820;pi_2280;pi_2320;pi_2591,7,0,successful convergence,-131238.5746304585,NA,NA,446,79,6,TRUE,TRUE,0.441934050175264,TRUE,1.1102230246251563e-16,68,NA,NA
1290_original_scale,Climate-growth original,lag_and_covariates,w11,11,not_estimated,0,8507,0,NA,NA,NA,NA,NA,NA,NA,NA,NA,NA,NA,NA,NA,NA,NA,NA,NA,NA
1290_original_scale,Climate-growth original,lag_and_covariates,w14,14,expanding_window_ordinal_probit_lag_covariates,8507,7318,9,vorwelle_label_cat;kp_010;kp_1130;kp_1500;kp_780;kp_820;pi_2280;pi_2320;pi_2591,7,0,successful convergence,-12690.112141443144,NA,NA,341,75,6,TRUE,TRUE,0.5274627260641105,TRUE,1.1102230246251563e-16,63,NA,NA
1290_original_scale,Climate-growth original,lag_and_covariates,w15,15,expanding_window_ordinal_probit_lag_covariates,15825,7411,10,vorwelle_label_cat;kp_010;kp_020;kp_1130;kp_1500;kp_780;kp_820;pi_2280;pi_2320;pi_2591,7,0,successful convergence,-23623.44164775791,NA,NA,395,86,6,TRUE,TRUE,0.5512178622402093,TRUE,6.91779966643935e-13,71,NA,NA
1290_original_scale,Climate-growth original,lag_and_covariates,w22,22,expanding_window_ordinal_probit_lag_covariates,23236,10888,10,vorwelle_label_cat;kp_010;kp_020;kp_1130;kp_1500;kp_780;kp_820;pi_2280;pi_2320;pi_2591,7,0,successful convergence,-34169.48215512157,NA,NA,406,82,6,TRUE,TRUE,0.5830916846547076,TRUE,1.1102230246251563e-16,71,NA,NA
1290_original_scale,Climate-growth original,lag_and_covariates,w23,23,expanding_window_ordinal_probit_lag_covariates,34124,9472,10,vorwelle_label_cat;kp_010;kp_020;kp_1130;kp_1500;kp_780;kp_820;pi_2280;pi_2320;pi_2591,7,0,successful convergence,-50765.72706125277,NA,NA,438,83,6,TRUE,TRUE,0.5654240976937501,TRUE,1.1102230246251563e-16,72,NA,NA
1290_original_scale,Climate-growth original,lag_and_covariates,w25,25,expanding_window_ordinal_probit_lag_covariates,43596,8397,10,vorwelle_label_cat;kp_010;kp_020;kp_1130;kp_1500;kp_780;kp_820;pi_2280;pi_2320;pi_2591,7,0,successful convergence,-64988.51959878442,NA,NA,453,86,6,TRUE,TRUE,0.5654897881783514,TRUE,1.1102230246251563e-16,74,NA,NA
1290_original_scale,Climate-growth original,lag_and_covariates,w26,26,expanding_window_ordinal_probit_lag_covariates,51993,7383,10,vorwelle_label_cat;kp_010;kp_020;kp_1130;kp_1500;kp_780;kp_820;pi_2280;pi_2320;pi_2591,7,0,successful convergence,-77532.87069415128,NA,NA,465,87,6,TRUE,TRUE,0.5683609213135021,TRUE,1.1102230246251563e-16,74,NA,NA
1500,Left-right grouped,covariates_only,w10,10,not_estimated,0,9699,0,NA,NA,NA,NA,NA,NA,NA,NA,NA,NA,NA,NA,NA,NA,NA,NA,NA,NA
1500,Left-right grouped,covariates_only,w14,14,expanding_window_ordinal_probit_covariates_only,9699,7896,9,kp_010;kp_020;kp_1130;kp_1290;kp_780;kp_820;pi_2280;pi_2320;pi_2591,3,0,successful convergence,-8409.437814926874,NA,NA,285,63,2,TRUE,TRUE,1.6966259425721613,TRUE,1.1102230246251563e-16,57,NA,NA
1500,Left-right grouped,covariates_only,w15,15,expanding_window_ordinal_probit_covariates_only,17595,14340,9,kp_010;kp_020;kp_1130;kp_1290;kp_780;kp_820;pi_2280;pi_2320;pi_2591,3,0,successful convergence,-14869.190988775588,NA,NA,299,65,2,TRUE,TRUE,1.8169451939046593,TRUE,1.1102230246251563e-16,59,NA,NA
1500,Left-right grouped,covariates_only,w22,22,expanding_window_ordinal_probit_covariates_only,31935,10946,9,kp_010;kp_020;kp_1130;kp_1290;kp_780;kp_820;pi_2280;pi_2320;pi_2591,3,0,successful convergence,-26589.45373898568,NA,NA,332,68,2,TRUE,TRUE,1.8821302146802268,TRUE,1.1102230246251563e-16,59,NA,NA
1500,Left-right grouped,covariates_only,w23,23,expanding_window_ordinal_probit_covariates_only,42881,9896,9,kp_010;kp_020;kp_1130;kp_1290;kp_780;kp_820;pi_2280;pi_2320;pi_2591,3,0,successful convergence,-35471.48041860482,NA,NA,346,68,2,TRUE,TRUE,1.917700030298118,TRUE,1.1102230246251563e-16,60,NA,NA
1500,Left-right grouped,covariates_only,w25,25,expanding_window_ordinal_probit_covariates_only,52777,9085,9,kp_010;kp_020;kp_1130;kp_1290;kp_780;kp_820;pi_2280;pi_2320;pi_2591,3,0,successful convergence,-43727.553526412754,NA,NA,354,68,2,TRUE,TRUE,1.9200992054749997,TRUE,1.1102230246251563e-16,60,NA,NA
1500,Left-right grouped,covariates_only,w26,26,expanding_window_ordinal_probit_covariates_only,61862,7772,9,kp_010;kp_020;kp_1130;kp_1290;kp_780;kp_820;pi_2280;pi_2320;pi_2591,3,0,successful convergence,-51357.796891115206,NA,NA,360,71,2,TRUE,TRUE,1.9208497064126495,TRUE,1.1102230246251563e-16,61,NA,NA
1500,Left-right grouped,lag_and_covariates,w14,14,not_estimated,0,6704,0,NA,NA,NA,NA,NA,NA,NA,NA,NA,NA,NA,NA,NA,NA,NA,NA,NA,NA
1500,Left-right grouped,lag_and_covariates,w15,15,expanding_window_ordinal_probit_lag_covariates,6704,6736,10,vorwelle_label_cat;kp_010;kp_020;kp_1130;kp_1290;kp_780;kp_820;pi_2280;pi_2320;pi_2591,3,0,successful convergence,-3759.236892414232,NA,NA,265,66,2,TRUE,TRUE,2.795171374495338,TRUE,1.1102230246251563e-16,58,NA,NA
1500,Left-right grouped,lag_and_covariates,w22,22,expanding_window_ordinal_probit_lag_covariates,13440,9871,10,vorwelle_label_cat;kp_010;kp_020;kp_1130;kp_1290;kp_780;kp_820;pi_2280;pi_2320;pi_2591,3,0,successful convergence,-7013.588596243785,NA,NA,311,74,2,TRUE,TRUE,2.9037437913564492,TRUE,1.1102230246251563e-16,61,NA,NA
1500,Left-right grouped,lag_and_covariates,w23,23,expanding_window_ordinal_probit_lag_covariates,23311,8578,10,vorwelle_label_cat;kp_010;kp_020;kp_1130;kp_1290;kp_780;kp_820;pi_2280;pi_2320;pi_2591,3,0,successful convergence,-12284.100122760656,NA,NA,320,70,2,TRUE,TRUE,2.8904492378315374,TRUE,1.1102230246251563e-16,62,NA,NA
1500,Left-right grouped,lag_and_covariates,w25,25,expanding_window_ordinal_probit_lag_covariates,31889,7609,10,vorwelle_label_cat;kp_010;kp_020;kp_1130;kp_1290;kp_780;kp_820;pi_2280;pi_2320;pi_2591,3,0,successful convergence,-16580.904224240036,NA,NA,330,70,2,TRUE,TRUE,2.890628866706831,TRUE,1.1102230246251563e-16,62,NA,NA
1500,Left-right grouped,lag_and_covariates,w26,26,expanding_window_ordinal_probit_lag_covariates,39498,6756,10,vorwelle_label_cat;kp_010;kp_020;kp_1130;kp_1290;kp_780;kp_820;pi_2280;pi_2320;pi_2591,3,0,successful convergence,-20323.96648490381,NA,NA,348,77,2,TRUE,TRUE,2.908834727480313,TRUE,1.1102230246251563e-16,63,NA,NA
1500_original_scale,Left-right original,covariates_only,w10,10,not_estimated,0,9699,0,NA,NA,NA,NA,NA,NA,NA,NA,NA,NA,NA,NA,NA,NA,NA,NA,NA,NA
1500_original_scale,Left-right original,covariates_only,w14,14,expanding_window_ordinal_probit_covariates_only,9699,7896,9,kp_010;kp_020;kp_1130;kp_1290;kp_780;kp_820;pi_2280;pi_2320;pi_2591,11,0,successful convergence,-19234.79934325462,NA,NA,336,72,10,TRUE,TRUE,0.34341058557164406,TRUE,0,57,NA,NA
1500_original_scale,Left-right original,covariates_only,w15,15,expanding_window_ordinal_probit_covariates_only,17595,14340,9,kp_010;kp_020;kp_1130;kp_1290;kp_780;kp_820;pi_2280;pi_2320;pi_2591,11,0,successful convergence,-34229.47936736439,NA,NA,353,74,10,TRUE,TRUE,0.3331744810339994,TRUE,0,59,NA,NA
1500_original_scale,Left-right original,covariates_only,w22,22,expanding_window_ordinal_probit_covariates_only,31935,10946,9,kp_010;kp_020;kp_1130;kp_1290;kp_780;kp_820;pi_2280;pi_2320;pi_2591,11,0,successful convergence,-61633.89652366604,NA,NA,396,75,10,TRUE,TRUE,0.32105849712732093,TRUE,0,59,NA,NA
1500_original_scale,Left-right original,covariates_only,w23,23,expanding_window_ordinal_probit_covariates_only,42881,9896,9,kp_010;kp_020;kp_1130;kp_1290;kp_780;kp_820;pi_2280;pi_2320;pi_2591,11,0,successful convergence,-82288.13345402686,NA,NA,410,75,10,TRUE,TRUE,0.32273359410996916,TRUE,0,60,NA,NA
1500_original_scale,Left-right original,covariates_only,w25,25,expanding_window_ordinal_probit_covariates_only,52777,9085,9,kp_010;kp_020;kp_1130;kp_1290;kp_780;kp_820;pi_2280;pi_2320;pi_2591,11,0,successful convergence,-101215.62804637763,NA,NA,413,76,10,TRUE,TRUE,0.3190747161748284,TRUE,0,60,NA,NA
1500_original_scale,Left-right original,covariates_only,w26,26,expanding_window_ordinal_probit_covariates_only,61862,7772,9,kp_010;kp_020;kp_1130;kp_1290;kp_780;kp_820;pi_2280;pi_2320;pi_2591,11,0,successful convergence,-118624.44222363316,NA,NA,421,77,10,TRUE,TRUE,0.3209802117946987,TRUE,0,61,NA,NA
1500_original_scale,Left-right original,lag_and_covariates,w14,14,not_estimated,0,6704,0,NA,NA,NA,NA,NA,NA,NA,NA,NA,NA,NA,NA,NA,NA,NA,NA,NA,NA
1500_original_scale,Left-right original,lag_and_covariates,w15,15,expanding_window_ordinal_probit_lag_covariates,6704,6736,10,vorwelle_label_cat;kp_010;kp_020;kp_1130;kp_1290;kp_780;kp_820;pi_2280;pi_2320;pi_2591,11,0,successful convergence,-9957.408926459497,NA,NA,360,85,10,TRUE,TRUE,0.4991966832044836,TRUE,1.0056400157054668e-12,66,NA,NA
1500_original_scale,Left-right original,lag_and_covariates,w22,22,expanding_window_ordinal_probit_lag_covariates,13440,9871,10,vorwelle_label_cat;kp_010;kp_020;kp_1130;kp_1290;kp_780;kp_820;pi_2280;pi_2320;pi_2591,11,0,successful convergence,-19063.992364029804,NA,NA,430,91,10,TRUE,TRUE,0.4953758854856085,TRUE,9.96869253810928e-13,69,NA,NA
1500_original_scale,Left-right original,lag_and_covariates,w23,23,expanding_window_ordinal_probit_lag_covariates,23311,8578,10,vorwelle_label_cat;kp_010;kp_020;kp_1130;kp_1290;kp_780;kp_820;pi_2280;pi_2320;pi_2591,11,0,successful convergence,-33343.91933656795,NA,NA,430,89,10,TRUE,TRUE,0.49642053655723384,TRUE,9.919842725025774e-13,70,NA,NA
1500_original_scale,Left-right original,lag_and_covariates,w25,25,expanding_window_ordinal_probit_lag_covariates,31889,7609,10,vorwelle_label_cat;kp_010;kp_020;kp_1130;kp_1290;kp_780;kp_820;pi_2280;pi_2320;pi_2591,11,0,successful convergence,-46679.55426421512,NA,NA,638,81,10,TRUE,TRUE,0.35203272372843664,TRUE,9.047207427670401e-13,70,NA,NA
1500_original_scale,Left-right original,lag_and_covariates,w26,26,expanding_window_ordinal_probit_lag_covariates,39498,6756,10,vorwelle_label_cat;kp_010;kp_020;kp_1130;kp_1290;kp_780;kp_820;pi_2280;pi_2320;pi_2591,11,0,successful convergence,-55676.80334447683,NA,NA,475,91,10,TRUE,TRUE,0.5231765098348031,TRUE,1.0123013538532177e-12,71,NA,NA
