model,prompt_variant,sex,income_band,education_band,outcome,n,n_correct,accuracy,se,ci_low,ci_high
Llama-3_3-70B-Instruct,baseline,maennlich,high_income,before_university_track,correct_prediction,3830,895,0.23368146214099217,0.006837815990333509,0.2202793427999385,0.24708358148204584
Llama-3_3-70B-Instruct,baseline,maennlich,high_income,university_track_or_higher,correct_prediction,5520,1263,0.22880434782608697,0.0056538578313544245,0.2177227864766323,0.23988590917554165
Llama-3_3-70B-Instruct,baseline,maennlich,low_income,before_university_track,correct_prediction,6758,1410,0.20864160994377035,0.004942856183248196,0.1989536118246039,0.2183296080629368
Llama-3_3-70B-Instruct,baseline,maennlich,low_income,university_track_or_higher,correct_prediction,4671,1031,0.2207236137871976,0.006068274577548043,0.20882979561520343,0.23261743195919177
Llama-3_3-70B-Instruct,baseline,maennlich,middle_income,before_university_track,correct_prediction,8818,1913,0.21694261737355408,0.004389188015800109,0.20833980886258588,0.22554542588452228
Llama-3_3-70B-Instruct,baseline,maennlich,middle_income,university_track_or_higher,correct_prediction,5551,1223,0.22032066294361377,0.005562884123697031,0.2094174100611676,0.23122391582605994
Llama-3_3-70B-Instruct,baseline,weiblich,high_income,before_university_track,correct_prediction,3019,709,0.23484597548857236,0.007714973488456696,0.21972462745119725,0.24996732352594747
Llama-3_3-70B-Instruct,baseline,weiblich,high_income,university_track_or_higher,correct_prediction,4071,1031,0.2532547285679194,0.006815762847603345,0.23989583338661685,0.266613623749222
Llama-3_3-70B-Instruct,baseline,weiblich,low_income,before_university_track,correct_prediction,7294,1463,0.20057581573896352,0.004688620102964437,0.19138612033715321,0.20976551114077382
Llama-3_3-70B-Instruct,baseline,weiblich,low_income,university_track_or_higher,correct_prediction,4493,958,0.21322056532383707,0.006110444948503273,0.20124409322477066,0.22519703742290348
Llama-3_3-70B-Instruct,baseline,weiblich,middle_income,before_university_track,correct_prediction,8178,1863,0.22780630961115186,0.0046379113754150625,0.21871600331533833,0.2368966159069654
Llama-3_3-70B-Instruct,baseline,weiblich,middle_income,university_track_or_higher,correct_prediction,5524,1253,0.2268283852280956,0.005634557515279799,0.21578465249814718,0.237872117958044
Llama-3_3-70B-Instruct,baseline_notime,maennlich,high_income,before_university_track,correct_prediction,3830,888,0.2318537859007833,0.0068191407746508465,0.21848826998246762,0.24521930181909896
Llama-3_3-70B-Instruct,baseline_notime,maennlich,high_income,university_track_or_higher,correct_prediction,5520,1290,0.23369565217391305,0.005695822177436609,0.2225318407061373,0.2448594636416888
Llama-3_3-70B-Instruct,baseline_notime,maennlich,low_income,before_university_track,correct_prediction,6758,1395,0.20642201834862386,0.00492338412671355,0.19677218546026531,0.21607185123698242
Llama-3_3-70B-Instruct,baseline_notime,maennlich,low_income,university_track_or_higher,correct_prediction,4671,1031,0.2207236137871976,0.006068274577548043,0.20882979561520343,0.23261743195919177
Llama-3_3-70B-Instruct,baseline_notime,maennlich,middle_income,before_university_track,correct_prediction,8818,1930,0.21887049217509638,0.0044032169294194855,0.2102401869934342,0.22750079735675857
Llama-3_3-70B-Instruct,baseline_notime,maennlich,middle_income,university_track_or_higher,correct_prediction,5551,1223,0.22032066294361377,0.005562884123697031,0.2094174100611676,0.23122391582605994
Llama-3_3-70B-Instruct,baseline_notime,weiblich,high_income,before_university_track,correct_prediction,3019,716,0.23716462404769792,0.007741209316295842,0.22199185378775807,0.2523373943076378
Llama-3_3-70B-Instruct,baseline_notime,weiblich,high_income,university_track_or_higher,correct_prediction,4071,1008,0.24760501105379515,0.006764755600774362,0.2343460900762774,0.2608639320313129
Llama-3_3-70B-Instruct,baseline_notime,weiblich,low_income,before_university_track,correct_prediction,7294,1458,0.199890320811626,0.004682607594310443,0.19071240992677754,0.20906823169647445
Llama-3_3-70B-Instruct,baseline_notime,weiblich,low_income,university_track_or_higher,correct_prediction,4493,991,0.2205653238370799,0.006185720180774928,0.20844131228276105,0.23268933539139877
Llama-3_3-70B-Instruct,baseline_notime,weiblich,middle_income,before_university_track,correct_prediction,8178,1829,0.2236488138909269,0.004607749460553775,0.2146176249482415,0.2326800028336123
Llama-3_3-70B-Instruct,baseline_notime,weiblich,middle_income,university_track_or_higher,correct_prediction,5524,1276,0.23099203475742217,0.0056707054081037815,0.21987745215753876,0.24210661735730557
Llama-3_3-70B-Instruct,tanchored,maennlich,high_income,before_university_track,correct_prediction,3830,904,0.2360313315926893,0.006861565527491549,0.22258266315880587,0.24948000002657272
Llama-3_3-70B-Instruct,tanchored,maennlich,high_income,university_track_or_higher,correct_prediction,5520,1305,0.23641304347826086,0.005718675171389856,0.22520444014233676,0.24762164681418497
Llama-3_3-70B-Instruct,tanchored,maennlich,low_income,before_university_track,correct_prediction,6758,1427,0.21115714708493638,0.004964654684955778,0.20142642390242305,0.22088787026744972
Llama-3_3-70B-Instruct,tanchored,maennlich,low_income,university_track_or_higher,correct_prediction,4671,1062,0.22736030828516376,0.006132547185481211,0.21534051580162059,0.23938010076870694
Llama-3_3-70B-Instruct,tanchored,maennlich,middle_income,before_university_track,correct_prediction,8818,1917,0.217396234973917,0.0043925016004486075,0.20878693183703773,0.22600553811079627
Llama-3_3-70B-Instruct,tanchored,maennlich,middle_income,university_track_or_higher,correct_prediction,5551,1231,0.22176184471266439,0.00557588822016349,0.21083310380114395,0.23269058562418482
Llama-3_3-70B-Instruct,tanchored,weiblich,high_income,before_university_track,correct_prediction,3019,706,0.23385226896323286,0.007703631447825673,0.21875315132549453,0.2489513866009712
Llama-3_3-70B-Instruct,tanchored,weiblich,high_income,university_track_or_higher,correct_prediction,4071,1016,0.24957013018914273,0.006782671874449791,0.23627609331522115,0.2628641670630643
Llama-3_3-70B-Instruct,tanchored,weiblich,low_income,before_university_track,correct_prediction,7294,1458,0.199890320811626,0.004682607594310443,0.19071240992677754,0.20906823169647445
Llama-3_3-70B-Instruct,tanchored,weiblich,low_income,university_track_or_higher,correct_prediction,4493,984,0.21900734475851324,0.006169992064011261,0.20691416031305118,0.2311005292039753
Llama-3_3-70B-Instruct,tanchored,weiblich,middle_income,before_university_track,correct_prediction,8178,1798,0.2198581560283688,0.004579673572840142,0.21088199582560213,0.22883431623113548
Llama-3_3-70B-Instruct,tanchored,weiblich,middle_income,university_track_or_higher,correct_prediction,5524,1255,0.2271904417089066,0.005637732109230509,0.2161404867748148,0.2382403966429984
Llama-3_3-70B-Instruct,trajectory,maennlich,high_income,before_university_track,correct_prediction,2588,1037,0.40069551777434315,0.009632718503563396,0.3818153895073589,0.4195756460413274
Llama-3_3-70B-Instruct,trajectory,maennlich,high_income,university_track_or_higher,correct_prediction,3883,1767,0.4550605202163276,0.007991439586142665,0.43939729862748794,0.47072374180516724
Llama-3_3-70B-Instruct,trajectory,maennlich,low_income,before_university_track,correct_prediction,4446,1711,0.3848403058929375,0.007297086300571993,0.37053801674381637,0.3991425950420586
Llama-3_3-70B-Instruct,trajectory,maennlich,low_income,university_track_or_higher,correct_prediction,3245,1376,0.4240369799691834,0.00867544610093157,0.4070331056113575,0.44104085432700924
Llama-3_3-70B-Instruct,trajectory,maennlich,middle_income,before_university_track,correct_prediction,5933,2198,0.3704702511377044,0.006269712472008341,0.35818161469256804,0.3827588875828407
Llama-3_3-70B-Instruct,trajectory,maennlich,middle_income,university_track_or_higher,correct_prediction,3926,1686,0.42944472745797246,0.007900004731785376,0.41396071818367314,0.4449287367322718
Llama-3_3-70B-Instruct,trajectory,weiblich,high_income,before_university_track,correct_prediction,1939,705,0.3635894791129448,0.010924093904697068,0.34217825505973853,0.3850007031661511
Llama-3_3-70B-Instruct,trajectory,weiblich,high_income,university_track_or_higher,correct_prediction,2742,1154,0.4208606856309263,0.009428160731445435,0.4023814905972933,0.43933988066455937
Llama-3_3-70B-Instruct,trajectory,weiblich,low_income,before_university_track,correct_prediction,4614,1591,0.3448201127004768,0.0069974173602420815,0.3311051746744023,0.3585350507265513
Llama-3_3-70B-Instruct,trajectory,weiblich,low_income,university_track_or_higher,correct_prediction,2953,1209,0.409414155096512,0.009048804811004623,0.39167849766694296,0.4271498125260811
Llama-3_3-70B-Instruct,trajectory,weiblich,middle_income,before_university_track,correct_prediction,5178,1823,0.35206643491695633,0.006637377632105496,0.33905717475802954,0.3650756950758831
Llama-3_3-70B-Instruct,trajectory,weiblich,middle_income,university_track_or_higher,correct_prediction,3733,1487,0.3983391374229842,0.008012598388036555,0.38263444458243256,0.41404383026353586
Mistral-7B-Instruct-v0_3,baseline,maennlich,high_income,before_university_track,correct_prediction,3830,499,0.13028720626631854,0.005439255107330456,0.11962626625595085,0.14094814627668623
Mistral-7B-Instruct-v0_3,baseline,maennlich,high_income,university_track_or_higher,correct_prediction,5520,748,0.1355072463768116,0.004606726189791922,0.12647806304481943,0.1445364297088038
Mistral-7B-Instruct-v0_3,baseline,maennlich,low_income,before_university_track,correct_prediction,6758,762,0.11275525303344185,0.0038475211566698308,0.10521411156636898,0.12029639450051471
Mistral-7B-Instruct-v0_3,baseline,maennlich,low_income,university_track_or_higher,correct_prediction,4671,526,0.11260971954613573,0.004625304600588887,0.10354412252898151,0.12167531656328995
Mistral-7B-Instruct-v0_3,baseline,maennlich,middle_income,before_university_track,correct_prediction,8818,1026,0.11635291449308233,0.0034146249600552903,0.10966024957137396,0.12304557941479069
Mistral-7B-Instruct-v0_3,baseline,maennlich,middle_income,university_track_or_higher,correct_prediction,5551,670,0.12069897315798955,0.004372551810813078,0.11212877160879592,0.1292691747071832
Mistral-7B-Instruct-v0_3,baseline,weiblich,high_income,before_university_track,correct_prediction,3019,362,0.11990725405763498,0.005912285435700872,0.10831917460366128,0.1314953335116087
Mistral-7B-Instruct-v0_3,baseline,weiblich,high_income,university_track_or_higher,correct_prediction,4071,501,0.12306558585114223,0.005148744219958778,0.11297404718002303,0.13315712452226144
Mistral-7B-Instruct-v0_3,baseline,weiblich,low_income,before_university_track,correct_prediction,7294,723,0.09912256649300795,0.003498937974028569,0.09226464806391195,0.10598048492210395
Mistral-7B-Instruct-v0_3,baseline,weiblich,low_income,university_track_or_higher,correct_prediction,4493,441,0.09815268194969953,0.004438634507488841,0.0894529583150214,0.10685240558437767
Mistral-7B-Instruct-v0_3,baseline,weiblich,middle_income,before_university_track,correct_prediction,8178,875,0.10699437515284911,0.0034180941223883893,0.10029491067296786,0.11369383963273036
Mistral-7B-Instruct-v0_3,baseline,weiblich,middle_income,university_track_or_higher,correct_prediction,5524,532,0.09630702389572773,0.003969287894246787,0.08852721962300403,0.10408682816845144
Mistral-7B-Instruct-v0_3,baseline_notime,maennlich,high_income,before_university_track,correct_prediction,3830,538,0.14046997389033944,0.00561465260232552,0.1294652547897814,0.15147469299089747
Mistral-7B-Instruct-v0_3,baseline_notime,maennlich,high_income,university_track_or_higher,correct_prediction,5520,759,0.1375,0.004635124054434789,0.12841515685330782,0.1465848431466922
Mistral-7B-Instruct-v0_3,baseline_notime,maennlich,low_income,before_university_track,correct_prediction,6758,860,0.12725658478839894,0.004053912107607267,0.1193109170574887,0.13520225251930917
Mistral-7B-Instruct-v0_3,baseline_notime,maennlich,low_income,university_track_or_higher,correct_prediction,4671,546,0.11689145793192036,0.004701035132790701,0.1076774290716506,0.12610548679219014
Mistral-7B-Instruct-v0_3,baseline_notime,maennlich,middle_income,before_university_track,correct_prediction,8818,1207,0.13687911090950328,0.0036603225238004337,0.12970487876285441,0.14405334305615214
Mistral-7B-Instruct-v0_3,baseline_notime,maennlich,middle_income,university_track_or_higher,correct_prediction,5551,725,0.13060709782021257,0.004522783728748666,0.12174244171186518,0.13947175392855996
Mistral-7B-Instruct-v0_3,baseline_notime,weiblich,high_income,before_university_track,correct_prediction,3019,457,0.151374627360053,0.006523084331737501,0.1385893820698475,0.1641598726502585
Mistral-7B-Instruct-v0_3,baseline_notime,weiblich,high_income,university_track_or_higher,correct_prediction,4071,611,0.15008597396217147,0.0055976662501700004,0.13911454811183827,0.16105739981250466
Mistral-7B-Instruct-v0_3,baseline_notime,weiblich,low_income,before_university_track,correct_prediction,7294,986,0.13517959967096244,0.004003461545531996,0.12733281504171973,0.14302638430020514
Mistral-7B-Instruct-v0_3,baseline_notime,weiblich,low_income,university_track_or_higher,correct_prediction,4493,507,0.11284219897618518,0.0047202825852366,0.10359044510912144,0.12209395284324892
Mistral-7B-Instruct-v0_3,baseline_notime,weiblich,middle_income,before_university_track,correct_prediction,8178,1178,0.14404499877720714,0.003882853508706709,0.136434605900142,0.15165539165427228
Mistral-7B-Instruct-v0_3,baseline_notime,weiblich,middle_income,university_track_or_higher,correct_prediction,5524,671,0.12146994931209269,0.00439527346206557,0.11285521332644417,0.1300846852977412
Mistral-7B-Instruct-v0_3,tanchored,maennlich,high_income,before_university_track,correct_prediction,3830,531,0.13864229765013056,0.005583933754582642,0.12769778749114857,0.14958680780911254
Mistral-7B-Instruct-v0_3,tanchored,maennlich,high_income,university_track_or_higher,correct_prediction,5520,821,0.14873188405797103,0.004789229891849147,0.1393449934699467,0.15811877464599536
Mistral-7B-Instruct-v0_3,tanchored,maennlich,low_income,before_university_track,correct_prediction,6758,777,0.11497484462858834,0.0038803431163601603,0.10736937212052243,0.12258031713665425
Mistral-7B-Instruct-v0_3,tanchored,maennlich,low_income,university_track_or_higher,correct_prediction,4671,506,0.1083279811603511,0.0045474502904716135,0.09941497859102674,0.11724098372967545
Mistral-7B-Instruct-v0_3,tanchored,maennlich,middle_income,before_university_track,correct_prediction,8818,1047,0.11873440689498753,0.0034447416301403157,0.11198271329991251,0.12548610049006254
Mistral-7B-Instruct-v0_3,tanchored,maennlich,middle_income,university_track_or_higher,correct_prediction,5551,717,0.12916591605116196,0.00450148761779511,0.12034300032028354,0.13798883178204038
Mistral-7B-Instruct-v0_3,tanchored,weiblich,high_income,before_university_track,correct_prediction,3019,358,0.11858231202384896,0.005883954166006671,0.10704976185847588,0.13011486218922202
Mistral-7B-Instruct-v0_3,tanchored,weiblich,high_income,university_track_or_higher,correct_prediction,4071,509,0.1250307049864898,0.005183871113768539,0.11487031760350347,0.13519109236947613
Mistral-7B-Instruct-v0_3,tanchored,weiblich,low_income,before_university_track,correct_prediction,7294,774,0.10611461475185084,0.0036061653800125004,0.09904653060702634,0.11318269889667534
Mistral-7B-Instruct-v0_3,tanchored,weiblich,low_income,university_track_or_higher,correct_prediction,4493,441,0.09815268194969953,0.004438634507488841,0.0894529583150214,0.10685240558437767
Mistral-7B-Instruct-v0_3,tanchored,weiblich,middle_income,before_university_track,correct_prediction,8178,987,0.1206896551724138,0.0036023222569330215,0.11362910354882508,0.12775020679600252
Mistral-7B-Instruct-v0_3,tanchored,weiblich,middle_income,university_track_or_higher,correct_prediction,5524,599,0.10843591600289645,0.0041834638810538385,0.10023632679603094,0.11663550520976197
Mistral-7B-Instruct-v0_3,trajectory,maennlich,high_income,before_university_track,correct_prediction,2588,1134,0.4381761978361669,0.00975309203707314,0.41906013744350357,0.45729225822883024
Mistral-7B-Instruct-v0_3,trajectory,maennlich,high_income,university_track_or_higher,correct_prediction,3883,1775,0.4571207828998197,0.0079943543809226,0.44145184831321144,0.472789717486428
Mistral-7B-Instruct-v0_3,trajectory,maennlich,low_income,before_university_track,correct_prediction,4446,2061,0.46356275303643724,0.00747874972762595,0.4489044035702904,0.4782211025025841
Mistral-7B-Instruct-v0_3,trajectory,maennlich,low_income,university_track_or_higher,correct_prediction,3245,1396,0.43020030816640986,0.008691387498387682,0.41316518866957,0.4472354276632497
Mistral-7B-Instruct-v0_3,trajectory,maennlich,middle_income,before_university_track,correct_prediction,5933,2718,0.458115624473285,0.00646850163594697,0.445437361266829,0.47079388767974106
Mistral-7B-Instruct-v0_3,trajectory,maennlich,middle_income,university_track_or_higher,correct_prediction,3926,1753,0.4465104431991849,0.007934058134409953,0.4309596892557414,0.46206119714262844
Mistral-7B-Instruct-v0_3,trajectory,weiblich,high_income,before_university_track,correct_prediction,1939,884,0.4559051057246003,0.011310600127507562,0.4337363294746855,0.4780738819745151
Mistral-7B-Instruct-v0_3,trajectory,weiblich,high_income,university_track_or_higher,correct_prediction,2742,1151,0.4197665937272064,0.00942478769478944,0.40129400984541913,0.4382391776089937
Mistral-7B-Instruct-v0_3,trajectory,weiblich,low_income,before_university_track,correct_prediction,4614,2095,0.4540528825314261,0.007329759281896221,0.4396865543389095,0.4684192107239427
Mistral-7B-Instruct-v0_3,trajectory,weiblich,low_income,university_track_or_higher,correct_prediction,2953,1231,0.4168642058923129,0.009072989944987838,0.39908114560013674,0.434647266184489
Mistral-7B-Instruct-v0_3,trajectory,weiblich,middle_income,before_university_track,correct_prediction,5178,2369,0.4575125531093086,0.006923334752108057,0.4439428169951768,0.4710822892234404
Mistral-7B-Instruct-v0_3,trajectory,weiblich,middle_income,university_track_or_higher,correct_prediction,3733,1585,0.42459148138226627,0.008089930430424459,0.4087352177386343,0.44044774502589823
Qwen2_5-32B-Instruct,baseline,maennlich,high_income,before_university_track,correct_prediction,3830,925,0.24151436031331594,0.00691585332217429,0.22795928780185434,0.25506943282477756
Qwen2_5-32B-Instruct,baseline,maennlich,high_income,university_track_or_higher,correct_prediction,5520,1424,0.2579710144927536,0.005888793861863745,0.24642897852350068,0.2695130504620066
Qwen2_5-32B-Instruct,baseline,maennlich,low_income,before_university_track,correct_prediction,6758,1424,0.21071322876590706,0.004960828566224946,0.20099000477610618,0.22043645275570795
Qwen2_5-32B-Instruct,baseline,maennlich,low_income,university_track_or_higher,correct_prediction,4671,1115,0.23870691500749305,0.006237398750074991,0.22648161345734608,0.25093221655764003
Qwen2_5-32B-Instruct,baseline,maennlich,middle_income,before_university_track,correct_prediction,8818,1860,0.21093218416874573,0.004344537423761326,0.20241689081817354,0.21944747751931792
Qwen2_5-32B-Instruct,baseline,maennlich,middle_income,university_track_or_higher,correct_prediction,5551,1296,0.2334714465862007,0.005678000703254201,0.22234256520782247,0.24460032796457892
Qwen2_5-32B-Instruct,baseline,weiblich,high_income,before_university_track,correct_prediction,3019,778,0.25770122557138125,0.007960054793288348,0.2420995181765361,0.27330293296622643
Qwen2_5-32B-Instruct,baseline,weiblich,high_income,university_track_or_higher,correct_prediction,4071,1103,0.27094080078604765,0.006965752683904253,0.2572879255255953,0.2845936760465
Qwen2_5-32B-Instruct,baseline,weiblich,low_income,before_university_track,correct_prediction,7294,1491,0.20441458733205375,0.004721896555068149,0.1951596700841202,0.21366950457998732
Qwen2_5-32B-Instruct,baseline,weiblich,low_income,university_track_or_higher,correct_prediction,4493,1000,0.22256843979523702,0.00620575555820183,0.21040515890116143,0.2347317206893126
Qwen2_5-32B-Instruct,baseline,weiblich,middle_income,before_university_track,correct_prediction,8178,1826,0.22328197603325997,0.00460505659547049,0.21425606510613782,0.23230788696038213
Qwen2_5-32B-Instruct,baseline,weiblich,middle_income,university_track_or_higher,correct_prediction,5524,1326,0.24004344677769732,0.005746619924528165,0.22878007172562212,0.25130682182977254
Qwen2_5-32B-Instruct,baseline_notime,maennlich,high_income,before_university_track,correct_prediction,3830,842,0.21984334203655354,0.006691880567891384,0.2067272561234864,0.23295942794962066
Qwen2_5-32B-Instruct,baseline_notime,maennlich,high_income,university_track_or_higher,correct_prediction,5520,1344,0.24347826086956523,0.005776586257983465,0.23215615180391763,0.2548003699352128
Qwen2_5-32B-Instruct,baseline_notime,maennlich,low_income,before_university_track,correct_prediction,6758,1299,0.1922166321396863,0.00479329150531778,0.18282178078926345,0.20161148349010913
Qwen2_5-32B-Instruct,baseline_notime,maennlich,low_income,university_track_or_higher,correct_prediction,4671,1087,0.23271248126739455,0.006182782536959333,0.22059422749495425,0.24483073503983485
Qwen2_5-32B-Instruct,baseline_notime,maennlich,middle_income,before_university_track,correct_prediction,8818,1669,0.18927194375141757,0.004171532919353879,0.18109573922948397,0.19744814827335117
Qwen2_5-32B-Instruct,baseline_notime,maennlich,middle_income,university_track_or_higher,correct_prediction,5551,1228,0.2212214015492704,0.005571023111873898,0.21030219624999755,0.23214060684854324
Qwen2_5-32B-Instruct,baseline_notime,weiblich,high_income,before_university_track,correct_prediction,3019,632,0.20934084133819145,0.00740440352865155,0.1948282104220344,0.22385347225434848
Qwen2_5-32B-Instruct,baseline_notime,weiblich,high_income,university_track_or_higher,correct_prediction,4071,1033,0.2537460083517563,0.006820125901840141,0.24037856158414964,0.267113455119363
Qwen2_5-32B-Instruct,baseline_notime,weiblich,low_income,before_university_track,correct_prediction,7294,1239,0.16986564299424184,0.004396874689654281,0.16124776860251944,0.17848351738596424
Qwen2_5-32B-Instruct,baseline_notime,weiblich,low_income,university_track_or_higher,correct_prediction,4493,944,0.21010460716670376,0.006077631564498815,0.1981924493002861,0.22201676503312143
Qwen2_5-32B-Instruct,baseline_notime,weiblich,middle_income,before_university_track,correct_prediction,8178,1501,0.18354120811934457,0.004280656455735708,0.1751511214661026,0.19193129477258655
Qwen2_5-32B-Instruct,baseline_notime,weiblich,middle_income,university_track_or_higher,correct_prediction,5524,1189,0.21524257784214337,0.005529743328832571,0.20440428091763155,0.2260808747666552
Qwen2_5-32B-Instruct,tanchored,maennlich,high_income,before_university_track,correct_prediction,3830,874,0.22819843342036553,0.006781250229485509,0.21490718297057393,0.24148968387015712
Qwen2_5-32B-Instruct,tanchored,maennlich,high_income,university_track_or_higher,correct_prediction,5520,1407,0.2548913043478261,0.005865672171282531,0.24339458689211232,0.2663880218035398
Qwen2_5-32B-Instruct,tanchored,maennlich,low_income,before_university_track,correct_prediction,6758,1368,0.20242675347736017,0.004887763119789919,0.1928467377625719,0.21200676919214842
Qwen2_5-32B-Instruct,tanchored,maennlich,low_income,university_track_or_higher,correct_prediction,4671,1114,0.23849282808820382,0.006235477652433011,0.22627129188943512,0.2507143642869725
Qwen2_5-32B-Instruct,tanchored,maennlich,middle_income,before_university_track,correct_prediction,8818,1784,0.20231344976185076,0.004278026448953828,0.19392851792190124,0.21069838160180027
Qwen2_5-32B-Instruct,tanchored,maennlich,middle_income,university_track_or_higher,correct_prediction,5551,1264,0.2277067195099982,0.005628509944366957,0.21667484001903897,0.23873859900095745
Qwen2_5-32B-Instruct,tanchored,weiblich,high_income,before_university_track,correct_prediction,3019,711,0.23550844650546537,0.00772250206443222,0.22037234245917822,0.2506445505517525
Qwen2_5-32B-Instruct,tanchored,weiblich,high_income,university_track_or_higher,correct_prediction,4071,1040,0.25546548759518545,0.006835306355997072,0.2420682871374312,0.2688626880529397
Qwen2_5-32B-Instruct,tanchored,weiblich,low_income,before_university_track,correct_prediction,7294,1354,0.1856320263230052,0.004552541529114307,0.17670904492594117,0.19455500772006926
Qwen2_5-32B-Instruct,tanchored,weiblich,low_income,university_track_or_higher,correct_prediction,4493,1016,0.22612953483196083,0.006240861885066146,0.21389744553723117,0.23836162412669049
Qwen2_5-32B-Instruct,tanchored,weiblich,middle_income,before_university_track,correct_prediction,8178,1682,0.20567375886524822,0.004469565895382136,0.19691340971029925,0.2144341080201972
Qwen2_5-32B-Instruct,tanchored,weiblich,middle_income,university_track_or_higher,correct_prediction,5524,1360,0.24619840695148443,0.005796212641534665,0.23483783017407647,0.25755898372889235
Qwen2_5-32B-Instruct,trajectory,maennlich,high_income,before_university_track,correct_prediction,2588,1338,0.5170015455950541,0.00982283061709114,0.49774879758555546,0.5362542936045527
Qwen2_5-32B-Instruct,trajectory,maennlich,high_income,university_track_or_higher,correct_prediction,3883,2177,0.5606489827453001,0.007964667354023798,0.5450382347314134,0.5762597307591867
Qwen2_5-32B-Instruct,trajectory,maennlich,low_income,before_university_track,correct_prediction,4446,2286,0.5141700404858299,0.007495675915769022,0.49947851569092266,0.5288615652807372
Qwen2_5-32B-Instruct,trajectory,maennlich,low_income,university_track_or_higher,correct_prediction,3245,1741,0.536517719568567,0.008753893365068993,0.5193600885730317,0.5536753505641022
Qwen2_5-32B-Instruct,trajectory,maennlich,middle_income,before_university_track,correct_prediction,5933,2979,0.5021068599359515,0.006491259550713523,0.489383991216553,0.51482972865535
Qwen2_5-32B-Instruct,trajectory,maennlich,middle_income,university_track_or_higher,correct_prediction,3926,2167,0.5519612837493633,0.007936644587159165,0.5364054603585313,0.5675171071401952
Qwen2_5-32B-Instruct,trajectory,weiblich,high_income,before_university_track,correct_prediction,1939,969,0.4997421351211965,0.011354840602521309,0.4774866475402547,0.5219976227021382
Qwen2_5-32B-Instruct,trajectory,weiblich,high_income,university_track_or_higher,correct_prediction,2742,1390,0.5069292487235595,0.009547607792313477,0.4882159374506251,0.5256425599964939
Qwen2_5-32B-Instruct,trajectory,weiblich,low_income,before_university_track,correct_prediction,4614,2240,0.48547897702644127,0.007357800043242083,0.4710576889416868,0.49990026511119573
Qwen2_5-32B-Instruct,trajectory,weiblich,low_income,university_track_or_higher,correct_prediction,2953,1501,0.5082966474771419,0.009199802071676453,0.490265035416656,0.5263282595376277
Qwen2_5-32B-Instruct,trajectory,weiblich,middle_income,before_university_track,correct_prediction,5178,2523,0.48725376593279257,0.006946208559223083,0.4736391971567153,0.5008683347088698
Qwen2_5-32B-Instruct,trajectory,weiblich,middle_income,university_track_or_higher,correct_prediction,3733,1869,0.5006697026520225,0.008183528887781514,0.4846299860319707,0.5167094192720743
Qwen2_5-72B-Instruct,baseline,maennlich,high_income,before_university_track,correct_prediction,3830,900,0.2349869451697128,0.006851046322282256,0.22155889437803958,0.24841499596138603
Qwen2_5-72B-Instruct,baseline,maennlich,high_income,university_track_or_higher,correct_prediction,5520,1387,0.25126811594202897,0.005837976152150217,0.23982568268381455,0.2627105492002434
Qwen2_5-72B-Instruct,baseline,maennlich,low_income,before_university_track,correct_prediction,6758,1464,0.21663213968629771,0.005011124879421,0.20681033492263257,0.22645394444996286
Qwen2_5-72B-Instruct,baseline,maennlich,low_income,university_track_or_higher,correct_prediction,4671,1115,0.23870691500749305,0.006237398750074991,0.22648161345734608,0.25093221655764003
Qwen2_5-72B-Instruct,baseline,maennlich,middle_income,before_university_track,correct_prediction,8818,1998,0.22658199138126559,0.004457945836363,0.2178444175419941,0.23531956522053707
Qwen2_5-72B-Instruct,baseline,maennlich,middle_income,university_track_or_higher,correct_prediction,5551,1335,0.24049720771032246,0.0057363295436833606,0.22925400180470307,0.25174041361594185
Qwen2_5-72B-Instruct,baseline,weiblich,high_income,before_university_track,correct_prediction,3019,737,0.24412056972507454,0.00781802211212469,0.22879724638531015,0.25944389306483895
Qwen2_5-72B-Instruct,baseline,weiblich,high_income,university_track_or_higher,correct_prediction,4071,1045,0.2566936870547777,0.0068460639795459655,0.2432754016548676,0.27011197245468777
Qwen2_5-72B-Instruct,baseline,weiblich,low_income,before_university_track,correct_prediction,7294,1568,0.21497120921305182,0.0048100552243875066,0.2055435009732523,0.22439891745285134
Qwen2_5-72B-Instruct,baseline,weiblich,low_income,university_track_or_higher,correct_prediction,4493,1060,0.23592254618295125,0.0063341042429310435,0.2235077018668064,0.2483373904990961
Qwen2_5-72B-Instruct,baseline,weiblich,middle_income,before_university_track,correct_prediction,8178,1937,0.23685497676693568,0.004701335474031022,0.22764035923783488,0.24606959429603648
Qwen2_5-72B-Instruct,baseline,weiblich,middle_income,university_track_or_higher,correct_prediction,5524,1354,0.24511223750905142,0.005787577969195896,0.23376858468942746,0.2564558903286754
Qwen2_5-72B-Instruct,baseline_notime,maennlich,high_income,before_university_track,correct_prediction,3830,903,0.23577023498694516,0.006858941131220797,0.2223267103697524,0.2492137596041379
Qwen2_5-72B-Instruct,baseline_notime,maennlich,high_income,university_track_or_higher,correct_prediction,5520,1368,0.24782608695652175,0.0058111636313273474,0.23643620623912015,0.25921596767392335
Qwen2_5-72B-Instruct,baseline_notime,maennlich,low_income,before_university_track,correct_prediction,6758,1417,0.20967741935483872,0.004951866558786743,0.1999717608996167,0.21938307781006072
Qwen2_5-72B-Instruct,baseline_notime,maennlich,low_income,university_track_or_higher,correct_prediction,4671,1088,0.23292656818668378,0.006184762839144509,0.22080443302196054,0.24504870335140702
Qwen2_5-72B-Instruct,baseline_notime,maennlich,middle_income,before_university_track,correct_prediction,8818,1947,0.22079836697663868,0.004417105866566726,0.2121408394781679,0.22945589447510947
Qwen2_5-72B-Instruct,baseline_notime,maennlich,middle_income,university_track_or_higher,correct_prediction,5551,1323,0.23833543505674654,0.005718611198802182,0.22712695710709427,0.2495439130063988
Qwen2_5-72B-Instruct,baseline_notime,weiblich,high_income,before_university_track,correct_prediction,3019,735,0.24345809870818153,0.00781082755680129,0.228148876696851,0.25876732071951203
Qwen2_5-72B-Instruct,baseline_notime,weiblich,high_income,university_track_or_higher,correct_prediction,4071,1021,0.25079832964873494,0.006793774649287085,0.23748253133613226,0.26411412796133765
Qwen2_5-72B-Instruct,baseline_notime,weiblich,low_income,before_university_track,correct_prediction,7294,1560,0.21387441732931176,0.004801119381824428,0.20446422334093586,0.22328461131768765
Qwen2_5-72B-Instruct,baseline_notime,weiblich,low_income,university_track_or_higher,correct_prediction,4493,1031,0.2294680614288894,0.0062731870394273775,0.21717261483161174,0.24176350802616706
Qwen2_5-72B-Instruct,baseline_notime,weiblich,middle_income,before_university_track,correct_prediction,8178,1929,0.23587674247982393,0.004694622942566313,0.22667528151239397,0.2450782034472539
Qwen2_5-72B-Instruct,baseline_notime,weiblich,middle_income,university_track_or_higher,correct_prediction,5524,1377,0.249275887038378,0.005820408723458472,0.2378678859403994,0.2606838881363566
Qwen2_5-72B-Instruct,tanchored,maennlich,high_income,before_university_track,correct_prediction,3830,888,0.2318537859007833,0.0068191407746508465,0.21848826998246762,0.24521930181909896
Qwen2_5-72B-Instruct,tanchored,maennlich,high_income,university_track_or_higher,correct_prediction,5520,1380,0.25,0.005828155051501961,0.23857681609905615,0.2614231839009438
Qwen2_5-72B-Instruct,tanchored,maennlich,low_income,before_university_track,correct_prediction,6758,1333,0.19724770642201836,0.004840471471079726,0.1877603823387021,0.20673503050533462
Qwen2_5-72B-Instruct,tanchored,maennlich,low_income,university_track_or_higher,correct_prediction,4671,1087,0.23271248126739455,0.006182782536959333,0.22059422749495425,0.24483073503983485
Qwen2_5-72B-Instruct,tanchored,maennlich,middle_income,before_university_track,correct_prediction,8818,1805,0.20469494216375594,0.00429670345262526,0.19627340339661042,0.21311648093090146
Qwen2_5-72B-Instruct,tanchored,maennlich,middle_income,university_track_or_higher,correct_prediction,5551,1270,0.22878760583678617,0.005637903439104031,0.21773731509614228,0.23983789657743007
Qwen2_5-72B-Instruct,tanchored,weiblich,high_income,before_university_track,correct_prediction,3019,698,0.2312023848956608,0.007673095650255682,0.21616311742115968,0.24624165237016193
Qwen2_5-72B-Instruct,tanchored,weiblich,high_income,university_track_or_higher,correct_prediction,4071,1012,0.24858757062146894,0.006773737165982027,0.23531104577614417,0.26186409546679373
Qwen2_5-72B-Instruct,tanchored,weiblich,low_income,before_university_track,correct_prediction,7294,1373,0.18823690704688786,0.004577034233376458,0.17926591994947,0.19720789414430573
Qwen2_5-72B-Instruct,tanchored,weiblich,low_income,university_track_or_higher,correct_prediction,4493,1022,0.22746494547073226,0.006253859597111953,0.21520738066039283,0.2397225102810717
Qwen2_5-72B-Instruct,tanchored,weiblich,middle_income,before_university_track,correct_prediction,8178,1748,0.21374419173392029,0.004533206901540109,0.20485910620690168,0.2226292772609389
Qwen2_5-72B-Instruct,tanchored,weiblich,middle_income,university_track_or_higher,correct_prediction,5524,1270,0.22990586531498913,0.005661351217864174,0.21880961692797535,0.24100211370200292
Qwen2_5-72B-Instruct,trajectory,maennlich,high_income,before_university_track,correct_prediction,2588,1191,0.46020092735703244,0.009797328631128048,0.44099816324002145,0.47940369147404344
Qwen2_5-72B-Instruct,trajectory,maennlich,high_income,university_track_or_higher,correct_prediction,3883,1988,0.5119752768477981,0.008021613103483457,0.4962529151649705,0.5276976385306257
Qwen2_5-72B-Instruct,trajectory,maennlich,low_income,before_university_track,correct_prediction,4446,2011,0.4523166891587944,0.007464510452763793,0.4376862486713774,0.46694712964621143
Qwen2_5-72B-Instruct,trajectory,maennlich,low_income,university_track_or_higher,correct_prediction,3245,1638,0.5047765793528506,0.008776934056365888,0.48757378860237344,0.5219793701033277
Qwen2_5-72B-Instruct,trajectory,maennlich,middle_income,before_university_track,correct_prediction,5933,2658,0.448002696780718,0.006456120355796422,0.43534870088335703,0.460656692678079
Qwen2_5-72B-Instruct,trajectory,maennlich,middle_income,university_track_or_higher,correct_prediction,3926,1946,0.4956698930208864,0.00797955312040803,0.48002996890488664,0.5113098171368862
Qwen2_5-72B-Instruct,trajectory,weiblich,high_income,before_university_track,correct_prediction,1939,851,0.43888602372356883,0.011269704121992657,0.4167974036444632,0.46097464380267444
Qwen2_5-72B-Instruct,trajectory,weiblich,high_income,university_track_or_higher,correct_prediction,2742,1322,0.48212983223924144,0.009542424315535604,0.46342668058079167,0.5008329838976913
Qwen2_5-72B-Instruct,trajectory,weiblich,low_income,before_university_track,correct_prediction,4614,1919,0.4159081057650629,0.007256053678230115,0.4016862405557319,0.43012997097439387
Qwen2_5-72B-Instruct,trajectory,weiblich,low_income,university_track_or_higher,correct_prediction,2953,1394,0.4720623095157467,0.0091866944938389615,0.4540563883078223,0.49006823072367106
Qwen2_5-72B-Instruct,trajectory,weiblich,middle_income,before_university_track,correct_prediction,5178,2161,0.41734260332174583,0.006852861733513855,0.4039109943240587,0.43077421231943297
Qwen2_5-72B-Instruct,trajectory,weiblich,middle_income,university_track_or_higher,correct_prediction,3733,1746,0.4677203321725154,0.008166464309001304,0.4517140621268729,0.48372660221815794
Qwen2_5-7B-Instruct-GPTQ-Int4,baseline,maennlich,high_income,before_university_track,correct_prediction,3830,522,0.13629242819843343,0.005543956844816013,0.12542627278259405,0.1471585836142728
Qwen2_5-7B-Instruct-GPTQ-Int4,baseline,maennlich,high_income,university_track_or_higher,correct_prediction,5520,811,0.14692028985507247,0.004765035666867251,0.13758081994801266,0.15625975976213227
Qwen2_5-7B-Instruct-GPTQ-Int4,baseline,maennlich,low_income,before_university_track,correct_prediction,6758,725,0.1072802604320805,0.0037645093902198977,0.0999018220272495,0.1146586988369115
Qwen2_5-7B-Instruct-GPTQ-Int4,baseline,maennlich,low_income,university_track_or_higher,correct_prediction,4671,520,0.11132519803040035,0.004602176151502325,0.10230493277345579,0.12034546328734491
Qwen2_5-7B-Instruct-GPTQ-Int4,baseline,maennlich,middle_income,before_university_track,correct_prediction,8818,1010,0.11453844409163076,0.003391372134942734,0.107891354707143,0.12118553347611852
Qwen2_5-7B-Instruct-GPTQ-Int4,baseline,maennlich,middle_income,university_track_or_higher,correct_prediction,5551,632,0.1138533597549991,0.004263243213794351,0.10549740305596218,0.12220931645403603
Qwen2_5-7B-Instruct-GPTQ-Int4,baseline,weiblich,high_income,before_university_track,correct_prediction,3019,316,0.10467042066909572,0.005571496918117756,0.09375028670958492,0.11559055462860653
Qwen2_5-7B-Instruct-GPTQ-Int4,baseline,weiblich,high_income,university_track_or_higher,correct_prediction,4071,421,0.10341439449766641,0.004772388896249374,0.09406051226101764,0.11276827673431519
Qwen2_5-7B-Instruct-GPTQ-Int4,baseline,weiblich,low_income,before_university_track,correct_prediction,7294,625,0.08568686591719221,0.003277341738124202,0.07926327611046878,0.09211045572391564
Qwen2_5-7B-Instruct-GPTQ-Int4,baseline,weiblich,low_income,university_track_or_higher,correct_prediction,4493,377,0.08390830180280437,0.004136220952559167,0.0758013087357884,0.09201529486982034
Qwen2_5-7B-Instruct-GPTQ-Int4,baseline,weiblich,middle_income,before_university_track,correct_prediction,8178,749,0.09158718513083884,0.0031895941689213778,0.08533558055975295,0.09783878970192474
Qwen2_5-7B-Instruct-GPTQ-Int4,baseline,weiblich,middle_income,university_track_or_higher,correct_prediction,5524,475,0.08598841419261405,0.003771976560351574,0.07859534013432497,0.09338148825090313
Qwen2_5-7B-Instruct-GPTQ-Int4,baseline_notime,maennlich,high_income,before_university_track,correct_prediction,3830,553,0.1443864229765013,0.00567940220065476,0.133254794663218,0.15551805128978463
Qwen2_5-7B-Instruct-GPTQ-Int4,baseline_notime,maennlich,high_income,university_track_or_higher,correct_prediction,5520,836,0.15144927536231884,0.004825062745603646,0.14199215238093568,0.160906398343702
Qwen2_5-7B-Instruct-GPTQ-Int4,baseline_notime,maennlich,low_income,before_university_track,correct_prediction,6758,788,0.11660254513169577,0.00390411851803411,0.10895047283634891,0.12425461742704262
Qwen2_5-7B-Instruct-GPTQ-Int4,baseline_notime,maennlich,low_income,university_track_or_higher,correct_prediction,4671,530,0.11346606722329265,0.004640617240101003,0.10437045743269469,0.12256167701389062
Qwen2_5-7B-Instruct-GPTQ-Int4,baseline_notime,maennlich,middle_income,before_university_track,correct_prediction,8818,1082,0.12270356089816285,0.003493950269075232,0.1158554183707754,0.1295517034255503
Qwen2_5-7B-Instruct-GPTQ-Int4,baseline_notime,maennlich,middle_income,university_track_or_higher,correct_prediction,5551,660,0.11889749594667627,0.004344241481397123,0.11038278264313792,0.12741220925021463
Qwen2_5-7B-Instruct-GPTQ-Int4,baseline_notime,weiblich,high_income,before_university_track,correct_prediction,3019,343,0.11361377939715138,0.005775577888238478,0.10229364673620396,0.1249339120580988
Qwen2_5-7B-Instruct-GPTQ-Int4,baseline_notime,weiblich,high_income,university_track_or_higher,correct_prediction,4071,466,0.11446818963399656,0.004989924094626404,0.10468793840852882,0.12424844085946431
Qwen2_5-7B-Instruct-GPTQ-Int4,baseline_notime,weiblich,low_income,before_university_track,correct_prediction,7294,669,0.09171922127776254,0.0033795382151365484,0.0850953263760949,0.09834311617943017
Qwen2_5-7B-Instruct-GPTQ-Int4,baseline_notime,weiblich,low_income,university_track_or_higher,correct_prediction,4493,395,0.08791453371911863,0.0042245445755374625,0.0796344263510652,0.09619464108717206
Qwen2_5-7B-Instruct-GPTQ-Int4,baseline_notime,weiblich,middle_income,before_university_track,correct_prediction,8178,778,0.09513328442161897,0.0032444045294014096,0.08877425154399221,0.10149231729924574
Qwen2_5-7B-Instruct-GPTQ-Int4,baseline_notime,weiblich,middle_income,university_track_or_higher,correct_prediction,5524,493,0.0892469225199131,0.0038359250546296246,0.08172850941283905,0.09676533562698716
Qwen2_5-7B-Instruct-GPTQ-Int4,tanchored,maennlich,high_income,before_university_track,correct_prediction,3830,580,0.1514360313315927,0.005792386281758974,0.1400829542193451,0.16278910844384029
Qwen2_5-7B-Instruct-GPTQ-Int4,tanchored,maennlich,high_income,university_track_or_higher,correct_prediction,5520,902,0.16340579710144928,0.004976472591304902,0.1536519108224917,0.17315968338040688
Qwen2_5-7B-Instruct-GPTQ-Int4,tanchored,maennlich,low_income,before_university_track,correct_prediction,6758,848,0.12548091151228175,0.004029622709751247,0.1175828510011693,0.1333789720233942
Qwen2_5-7B-Instruct-GPTQ-Int4,tanchored,maennlich,low_income,university_track_or_higher,correct_prediction,4671,549,0.11753371868978806,0.004712217903748965,0.10829777159844009,0.12676966578113602
Qwen2_5-7B-Instruct-GPTQ-Int4,tanchored,maennlich,middle_income,before_university_track,correct_prediction,8818,1098,0.12451803129961443,0.0035160470543329422,0.11762657907312186,0.13140948352610698
Qwen2_5-7B-Instruct-GPTQ-Int4,tanchored,maennlich,middle_income,university_track_or_higher,correct_prediction,5551,723,0.13024680237794992,0.0045174768779164005,0.12139254769723377,0.13910105705866607
Qwen2_5-7B-Instruct-GPTQ-Int4,tanchored,weiblich,high_income,before_university_track,correct_prediction,3019,379,0.12553825770122556,0.006030133109463041,0.113719196806678,0.13735731859577313
Qwen2_5-7B-Instruct-GPTQ-Int4,tanchored,weiblich,high_income,university_track_or_higher,correct_prediction,4071,504,0.12380250552689757,0.005161966352368261,0.11368505147625578,0.13391995957753935
Qwen2_5-7B-Instruct-GPTQ-Int4,tanchored,weiblich,low_income,before_university_track,correct_prediction,7294,749,0.10268714011516315,0.003554242828689912,0.09572082417093093,0.10965345605939537
Qwen2_5-7B-Instruct-GPTQ-Int4,tanchored,weiblich,low_income,university_track_or_higher,correct_prediction,4493,402,0.08947251279768528,0.004258171397231203,0.08112649685911212,0.09781852873625844
Qwen2_5-7B-Instruct-GPTQ-Int4,tanchored,weiblich,middle_income,before_university_track,correct_prediction,8178,846,0.10344827586206896,0.0033676407057634536,0.0968477000787726,0.11004885164536533
Qwen2_5-7B-Instruct-GPTQ-Int4,tanchored,weiblich,middle_income,university_track_or_higher,correct_prediction,5524,547,0.09902244750181029,0.004018805414221866,0.09114558888993543,0.10689930611368514
Qwen2_5-7B-Instruct-GPTQ-Int4,trajectory,maennlich,high_income,before_university_track,correct_prediction,2588,807,0.3118238021638331,0.009105888310296783,0.2939762610756514,0.3296713432520148
Qwen2_5-7B-Instruct-GPTQ-Int4,trajectory,maennlich,high_income,university_track_or_higher,correct_prediction,3883,1241,0.31959824877671905,0.007483438804235864,0.3049307087204168,0.3342657888330213
Qwen2_5-7B-Instruct-GPTQ-Int4,trajectory,maennlich,low_income,before_university_track,correct_prediction,4446,1432,0.3220872694556905,0.007007916934075066,0.30835175226490336,0.33582278664647763
Qwen2_5-7B-Instruct-GPTQ-Int4,trajectory,maennlich,low_income,university_track_or_higher,correct_prediction,3245,956,0.2946070878274268,0.00800257569532492,0.27892203946458993,0.31029213619026363
Qwen2_5-7B-Instruct-GPTQ-Int4,trajectory,maennlich,middle_income,before_university_track,correct_prediction,5933,1744,0.29394909826394744,0.005914484499881275,0.28235670864418017,0.3055414878837147
Qwen2_5-7B-Instruct-GPTQ-Int4,trajectory,maennlich,middle_income,university_track_or_higher,correct_prediction,3926,1122,0.2857870606214977,0.007210410495365118,0.2716546560505821,0.29991946519241336
Qwen2_5-7B-Instruct-GPTQ-Int4,trajectory,weiblich,high_income,before_university_track,correct_prediction,1939,589,0.3037648272305312,0.010443782483231766,0.283295013563397,0.32423464089766546
Qwen2_5-7B-Instruct-GPTQ-Int4,trajectory,weiblich,high_income,university_track_or_higher,correct_prediction,2742,794,0.2895696571845368,0.00866170825776212,0.2725927089993231,0.30654660536975054
Qwen2_5-7B-Instruct-GPTQ-Int4,trajectory,weiblich,low_income,before_university_track,correct_prediction,4614,1368,0.2964889466840052,0.006723585333376853,0.2833107194305866,0.3096671739374238
Qwen2_5-7B-Instruct-GPTQ-Int4,trajectory,weiblich,low_income,university_track_or_higher,correct_prediction,2953,786,0.2661699966136133,0.00813290235712519,0.2502295079936479,0.2821104852335787
Qwen2_5-7B-Instruct-GPTQ-Int4,trajectory,weiblich,middle_income,before_university_track,correct_prediction,5178,1486,0.2869833912707609,0.006286330090233774,0.2746621842939027,0.29930459824761907
Qwen2_5-7B-Instruct-GPTQ-Int4,trajectory,weiblich,middle_income,university_track_or_higher,correct_prediction,3733,1009,0.2702919903562818,0.007268790466239199,0.256045161042453,0.28453881967011063
