variant,file,records,sha256
1290,nosft_Mistral-7B-Instruct-v0_3__prompt_w10.jsonl,10614,cf091b818a38e4ba83a03d7e5f20ffd7fbefda82e9535335dbaaa8196e017dcc
1290,nosft_Qwen2_5-7B-Instruct-GPTQ-Int4__prompt_w10.jsonl,10614,6136ea1b15c5b306e7eac3a575d07b11d3808ab86f2729de7228fbdc45cee565
1290,nosft_Qwen2_5-32B-Instruct__prompt_w10.jsonl,10614,a346a48dfdaa5fcdfe638523e77fd9f6bb9b5517e5ba179ddf9558d04489a5dd
1290,nosft_Qwen2_5-72B-Instruct__prompt_w10.jsonl,10614,4a7de4a46534b5b7ea57dda05474bb6245b671f049eb50e148da9fc8a2d959fb
1290,nosft_Llama-3_3-70B-Instruct__prompt_w10.jsonl,10614,89fb44dcf9c470a37aba77aafaeb584dd9ecf704e58cead85bc97e014623375e
1290,nosft_Mistral-7B-Instruct-v0_3__prompt_w10_baseline_notime.jsonl,10614,022d05b6226d28650b6680602b132985ef16c9159333f099742c5a07f89f01df
1290,nosft_Qwen2_5-7B-Instruct-GPTQ-Int4__prompt_w10_baseline_notime.jsonl,10614,1b59590ca1eff4cce57b57ff1de8eae2e5c7e8a949cbfe27ab14c422d2be4790
1290,nosft_Qwen2_5-32B-Instruct__prompt_w10_baseline_notime.jsonl,10614,9b64b4ca66efbad89c9ae76e41f041c0a216cee40bdb271f81c11f0bc80976c9
1290,nosft_Qwen2_5-72B-Instruct__prompt_w10_baseline_notime.jsonl,10614,f31865c3d2c544c711276afdca44a0e29e3258e3eb4e6afc95db26a5b492d1e7
1290,nosft_Llama-3_3-70B-Instruct__prompt_w10_baseline_notime.jsonl,10614,c3f63286859c370c5c263000eaf4a0a197095c6f7dabf5cde72a11f8e3507a73
1290,nosft_Mistral-7B-Instruct-v0_3__prompt_w10_tanchored.jsonl,10614,8a17b491a9f4d6df039001f8961b4606f9b3854eb8962410633763bbd6678095
1290,nosft_Qwen2_5-7B-Instruct-GPTQ-Int4__prompt_w10_tanchored.jsonl,10614,435484cf79a57fd69f4a3c0d99bf0b61064db438129baa0596dfbe6b61d930e5
1290,nosft_Qwen2_5-32B-Instruct__prompt_w10_tanchored.jsonl,10614,38d8b28593670b0463b1141c7ea219ce96f35b0c2bf90ba5024d5e36c95153bf
1290,nosft_Qwen2_5-72B-Instruct__prompt_w10_tanchored.jsonl,10614,e9ffa128822e6682d6ecbc66fd9584dc207a142929ff33f5232371a2015004ad
1290,nosft_Llama-3_3-70B-Instruct__prompt_w10_tanchored.jsonl,10614,7d05be2611e3f455fbaba335663ccec6aa2311a81cfd91762173dd25c9174ac2
1290,nosft_Mistral-7B-Instruct-v0_3__prompt_w11.jsonl,9491,ed95b3c6c39b57b3d5e6726d223f02e420a0cef75ac57dd5d5b954b40aadd124
1290,nosft_Qwen2_5-7B-Instruct-GPTQ-Int4__prompt_w11.jsonl,9491,99387e1c6670d87119d15a8ccdab3032d3cc763feba80b4e554c7a6e2ac9b6c0
1290,nosft_Qwen2_5-32B-Instruct__prompt_w11.jsonl,9491,12e49af2acada2c84ea77aeebec29d40648074c468732ff8d3c524c4de52acb1
1290,nosft_Qwen2_5-72B-Instruct__prompt_w11.jsonl,9491,6a28fcd2f4c7645598c4a1e4c7b872e80792182d23d9c1414f9718c9852fcaa9
1290,nosft_Llama-3_3-70B-Instruct__prompt_w11.jsonl,9491,185dd8e8c03943c5c28179c1d80c21e63726acc42958095f87eb665cb5c5dfe1
1290,nosft_Mistral-7B-Instruct-v0_3__prompt_w11_baseline_notime.jsonl,9491,c66da956172519429bf7222f035ac7f5d22368b36e3e97544324e09ba3ea7262
1290,nosft_Qwen2_5-7B-Instruct-GPTQ-Int4__prompt_w11_baseline_notime.jsonl,9491,f1c621c026c4f2953d351de406638d335985f14992e8f03d9968b50ff338b9f6
1290,nosft_Qwen2_5-32B-Instruct__prompt_w11_baseline_notime.jsonl,9491,4ce9d6d08d1aa132eefe41da21bdc0e98d2b8ebad3e4ce33d962aaad2cc56a54
1290,nosft_Qwen2_5-72B-Instruct__prompt_w11_baseline_notime.jsonl,9491,571118f44dc2e9ca7e9fd5bdb036cd508a89bf0584db5719a89d5fa64d21ca18
1290,nosft_Llama-3_3-70B-Instruct__prompt_w11_baseline_notime.jsonl,9491,91daffc21bf144cfc6c3dc9ffa7f07d3b2b097627e7757045a47f11421973711
1290,nosft_Mistral-7B-Instruct-v0_3__prompt_w11_tanchored.jsonl,9491,ce6387aef983ee6d07ded74a909168222a7f2c6733dd0eb3d0edabf0e49735ea
1290,nosft_Qwen2_5-7B-Instruct-GPTQ-Int4__prompt_w11_tanchored.jsonl,9491,4639ed10a392cd0941bdef36decb26051075bf375090e3ad0d866a9b173c1fa9
1290,nosft_Qwen2_5-32B-Instruct__prompt_w11_tanchored.jsonl,9491,6f4d7156a25d8255d3125e3279c0d54c25270825f42829f5bea2b0142787ed81
1290,nosft_Qwen2_5-72B-Instruct__prompt_w11_tanchored.jsonl,9491,fca21cd1a69d521df85d7bddc0c13f37ad249a29f97a6a39a719b1438c185b0b
1290,nosft_Llama-3_3-70B-Instruct__prompt_w11_tanchored.jsonl,9491,4c9952fc51b00c6392eee48def01e63d92d20b5d480837d5d3b45e6eafa51bdf
1290,nosft_Mistral-7B-Instruct-v0_3__prompt_w11_trajectory.jsonl,8507,c9638fa33043568ab458c3f238bacf39c77e602badccf8fe9300bc6739eb5c42
1290,nosft_Qwen2_5-7B-Instruct-GPTQ-Int4__prompt_w11_trajectory.jsonl,8507,090eca5bb3eee566853a7fb84d4a6e424655ece98c743ea0ffa46cec66929fa4
1290,nosft_Qwen2_5-32B-Instruct__prompt_w11_trajectory.jsonl,8507,7b2e582ab5df9b6a595f25527b4cc37ea6064394ac2f11ba457d619f12d018ba
1290,nosft_Qwen2_5-72B-Instruct__prompt_w11_trajectory.jsonl,8507,e0839742327df086978ccbf4609786a8246d7db4619e364c38f59cb6e859316e
1290,nosft_Llama-3_3-70B-Instruct__prompt_w11_trajectory.jsonl,8507,2527bea9d309c159691b485c84a4a4abe70e9dd3d052318cdf654f8bbcde2795
1290,nosft_Mistral-7B-Instruct-v0_3__prompt_w14.jsonl,8494,413caa15e83925afd592b427e8f78c2da19d37342444be6d31eb9ad201434f84
1290,nosft_Qwen2_5-7B-Instruct-GPTQ-Int4__prompt_w14.jsonl,8494,cd173e86f5991bc23ac614b907b9812611556dfed0d4edf03456279fabb0bf38
1290,nosft_Qwen2_5-32B-Instruct__prompt_w14.jsonl,8494,0ce8d37538129b1a869a631663b6a073699aa32c2baa0e03f53fc97ef5f13b0b
1290,nosft_Qwen2_5-72B-Instruct__prompt_w14.jsonl,8494,957e76ab351e39d1a002e11c14d814b452568213a68c36d990dec1bacf2942e9
1290,nosft_Llama-3_3-70B-Instruct__prompt_w14.jsonl,8494,b1c1ea474e575c2eb8a43e952ea467758ec823088eb7d6694a3855a5173d9da6
1290,nosft_Mistral-7B-Instruct-v0_3__prompt_w14_baseline_notime.jsonl,8494,f943d43539a4395512ae0ee2896caadd4dfc8a3a586bb0b6482999ddc9f9ee11
1290,nosft_Qwen2_5-7B-Instruct-GPTQ-Int4__prompt_w14_baseline_notime.jsonl,8494,b3ec26521c9c4ad27d51135f3cf2362c34f1329158f9097d999eab10d2d80209
1290,nosft_Qwen2_5-32B-Instruct__prompt_w14_baseline_notime.jsonl,8494,2c929666cafb5bdb05561cf8d0cd9dabd93e49ef483a8b7e6ee0ff7b3a8a5c14
1290,nosft_Qwen2_5-72B-Instruct__prompt_w14_baseline_notime.jsonl,8494,87d3c9de7553f5ee75cc23577b4e0d6d62ff43153cf2b3279f781dab3afff3cd
1290,nosft_Llama-3_3-70B-Instruct__prompt_w14_baseline_notime.jsonl,8494,2b967ab33b68eb22b123981ad68842c6cc8bb267971296e1ba749c4dfe10853d
1290,nosft_Mistral-7B-Instruct-v0_3__prompt_w14_tanchored.jsonl,8494,b2196568df540b48ed684e0b2b41382112686295dbb359126114b1bc0c80273b
1290,nosft_Qwen2_5-7B-Instruct-GPTQ-Int4__prompt_w14_tanchored.jsonl,8494,5432b0a892a323cd808d828fb79342020e0788a7edb362679ed7f9d1ec20e0a4
1290,nosft_Qwen2_5-32B-Instruct__prompt_w14_tanchored.jsonl,8494,af4b783c1b990a7bb85e2bcdcd927ed70b55b4de4a4107576609c5c2b21bb96f
1290,nosft_Qwen2_5-72B-Instruct__prompt_w14_tanchored.jsonl,8494,7abe716a582d638fdf7e6397e33899dbe65792e2a64794cd1dada4d93782b01b
1290,nosft_Llama-3_3-70B-Instruct__prompt_w14_tanchored.jsonl,8494,5d641ad2df612d1a592acc82b9a1cf4c132430be3465bf0b50030eb1563d33a7
1290,nosft_Mistral-7B-Instruct-v0_3__prompt_w14_trajectory.jsonl,7318,4533f3d05d1c9934de426151f47a488b3caeec786ac1710aac2acd76946bcdef
1290,nosft_Qwen2_5-7B-Instruct-GPTQ-Int4__prompt_w14_trajectory.jsonl,7318,d663d80000f7e86b764fb644d1eb3537e1011edf410bb432fc6166672eb07c0c
1290,nosft_Qwen2_5-32B-Instruct__prompt_w14_trajectory.jsonl,7318,123f4bfc4f1aac85025a3c2be5ce567c248443d7b8e16a6741247249a859f087
1290,nosft_Qwen2_5-72B-Instruct__prompt_w14_trajectory.jsonl,7318,10bc734bf078cb3ef16f29488950cb6c0cce87e130813de1e890895768697505
1290,nosft_Llama-3_3-70B-Instruct__prompt_w14_trajectory.jsonl,7318,cd60e0341084da0c7c395f005210cdc145935a07b62a63a7dbbf3123385e348a
1290,nosft_Mistral-7B-Instruct-v0_3__prompt_w15.jsonl,15413,46bb4ef6afcfadcfdaf0c4a1a683f9d1cc9c3391c85fefbf99a6a35dab5d3873
1290,nosft_Qwen2_5-7B-Instruct-GPTQ-Int4__prompt_w15.jsonl,15413,b462c00d388374c235f5ba0d38ac97c35ac4158b02c32736b8958098965ab521
1290,nosft_Qwen2_5-32B-Instruct__prompt_w15.jsonl,15413,0e51794a4cca889e41f1c863b05c5ed4539c14f017249c66231337f0aab9f8ea
1290,nosft_Qwen2_5-72B-Instruct__prompt_w15.jsonl,15413,f035fd6ef61db5ced25b8cbb27e193054714e5fa9c8627f5b49e5f3ea6fd1237
1290,nosft_Llama-3_3-70B-Instruct__prompt_w15.jsonl,15413,97e444986ec5bf98724075ab4be6df131873bbb4d1da6c190798793ca56c3529
1290,nosft_Mistral-7B-Instruct-v0_3__prompt_w15_baseline_notime.jsonl,15413,fd0a4548375ce86827f7c87738cd72d7d60e937689db438ed41d945307269271
1290,nosft_Qwen2_5-7B-Instruct-GPTQ-Int4__prompt_w15_baseline_notime.jsonl,15413,38dd875496b6017a6ba02e12c5dad8b37508b1c5fa8b89a6b944e0aec39bb122
1290,nosft_Qwen2_5-32B-Instruct__prompt_w15_baseline_notime.jsonl,15413,80e45230b7312607fe17bb7d4d7739fb741a628c9af5dc3e2f698874658874d3
1290,nosft_Qwen2_5-72B-Instruct__prompt_w15_baseline_notime.jsonl,15413,c5429be3fbd653a6bc79bbabdf43fc3a49e12e3418ccb9e29149b2dc2b064b23
1290,nosft_Llama-3_3-70B-Instruct__prompt_w15_baseline_notime.jsonl,15413,57c09a8c69a9eb7b33746f02e26d4b3b468a1292fa24c7795cf6206cfb1966f6
1290,nosft_Mistral-7B-Instruct-v0_3__prompt_w15_tanchored.jsonl,15413,eb64d2fea9f552ab1a98e05f5cfb8319d89fd0dc82594848c755cdbe609465f5
1290,nosft_Qwen2_5-7B-Instruct-GPTQ-Int4__prompt_w15_tanchored.jsonl,15413,c9e310d39485d398ea736c7d6be70820b9b61cd709236c41c237a2d5548163ea
1290,nosft_Qwen2_5-32B-Instruct__prompt_w15_tanchored.jsonl,15413,afcf828ef9e6121efdeba735259175d39b7f2e6154bac6c890035160395cbde6
1290,nosft_Qwen2_5-72B-Instruct__prompt_w15_tanchored.jsonl,15413,5442ab28f2de3a53ab554ec08f6f63c7281178805749b083a81a7f7c1e8e7a1e
1290,nosft_Llama-3_3-70B-Instruct__prompt_w15_tanchored.jsonl,15413,0dcaa25f3235f06e9415644581e8f8f25336b74d1be88ea722537705ad65a13d
1290,nosft_Mistral-7B-Instruct-v0_3__prompt_w15_trajectory.jsonl,7411,6eb232a56e27763016482ddd27908a596d61fa94b09173f5438c3ae2d00c0c2e
1290,nosft_Qwen2_5-7B-Instruct-GPTQ-Int4__prompt_w15_trajectory.jsonl,7411,d27f38684fccbb9b97167e5f2525907e8a6e3832d18a3bd039c470e036d6410f
1290,nosft_Qwen2_5-32B-Instruct__prompt_w15_trajectory.jsonl,7411,40d42396d36bcc76b4028cc9953924fab5aaa56633a8f5093a3553c4bd3ef37f
1290,nosft_Qwen2_5-72B-Instruct__prompt_w15_trajectory.jsonl,7411,5449bed850f6dcbb3e2e2c3f4a5de7963280df823c27caefca83834e1c4887ca
1290,nosft_Llama-3_3-70B-Instruct__prompt_w15_trajectory.jsonl,7411,e33478630018721f3da9208e4199393cfc28b48e7a16c7d09dea045befc87891
1290,nosft_Mistral-7B-Instruct-v0_3__prompt_w22.jsonl,11813,5ad930309eb5ae52bb101565e95b644c64f0235631634b13e4602f340e51ddfc
1290,nosft_Qwen2_5-7B-Instruct-GPTQ-Int4__prompt_w22.jsonl,11813,e36c541826810ad17fec785bd86f2cd2c803981d852ab081816f8ae8fa553306
1290,nosft_Qwen2_5-32B-Instruct__prompt_w22.jsonl,11813,61c9a58c6b8e942098c1138511a9d40bb41a7e12410c773b0b4a682432a97449
1290,nosft_Qwen2_5-72B-Instruct__prompt_w22.jsonl,11813,96fa6629b6861378712c632bcf9b349aae0708b9f442c05106d69300cb486126
1290,nosft_Llama-3_3-70B-Instruct__prompt_w22.jsonl,11813,f50f4f68c9f53755d60ae24b7a7d031212f69455f616500aba9db1c7d86c30e1
1290,nosft_Mistral-7B-Instruct-v0_3__prompt_w22_baseline_notime.jsonl,11813,95d58223ba8c976357b38eb7f3fccfb40dfda89f5dab8c350244740c39c99704
1290,nosft_Qwen2_5-7B-Instruct-GPTQ-Int4__prompt_w22_baseline_notime.jsonl,11813,8387748506590b2e2d2598ef07fa4324b2c75a4d174f5888c504a8c77460b3d9
1290,nosft_Qwen2_5-32B-Instruct__prompt_w22_baseline_notime.jsonl,11813,e9dd66449dde942b252ec7d13555e3f5faff5b4a9f63601a314fba3f8352107d
1290,nosft_Qwen2_5-72B-Instruct__prompt_w22_baseline_notime.jsonl,11813,a4a75a2f6caf7f6f42396bf44dbcb7052f71975c354ad2ca93c83a0f09ec6bc3
1290,nosft_Llama-3_3-70B-Instruct__prompt_w22_baseline_notime.jsonl,11813,7ecf98badc74e0c02361a11ceeb8ceefeb4cd9414dea6b26ad595a33af79eb7d
1290,nosft_Mistral-7B-Instruct-v0_3__prompt_w22_tanchored.jsonl,11813,9d029f5f03e220e2459c1fac875e4a1a1a5f5b6f3d9773bb016b9684e9d1c1c4
1290,nosft_Qwen2_5-7B-Instruct-GPTQ-Int4__prompt_w22_tanchored.jsonl,11813,01a452b7368041fe88c4d3cbcbc99789431e9f16641129c9bf35c82c164bcc0b
1290,nosft_Qwen2_5-32B-Instruct__prompt_w22_tanchored.jsonl,11813,2ee867af2e831c4808da542bb8c374434553bf9637402f4bfdfac8af5f17e072
1290,nosft_Qwen2_5-72B-Instruct__prompt_w22_tanchored.jsonl,11813,37c01b0508c847f7712d96e5a7896ccda030efca834228c0b4dde6b000649835
1290,nosft_Llama-3_3-70B-Instruct__prompt_w22_tanchored.jsonl,11813,d7b8820cefba5194f4ce8af3affe5d853e1517bbef817c6ab557030e80897266
1290,nosft_Mistral-7B-Instruct-v0_3__prompt_w22_trajectory.jsonl,10888,1a4cbcf35d3758f8f0a3bef0d0dfc455a2e6baa4069886a0f78af4ab4e607db9
1290,nosft_Qwen2_5-7B-Instruct-GPTQ-Int4__prompt_w22_trajectory.jsonl,10888,8ca9ee083f7e37f5245fac07aae235a4c3bda8cef5457c8c396675d1c1cd9188
1290,nosft_Qwen2_5-32B-Instruct__prompt_w22_trajectory.jsonl,10888,be62f20f6603fa1e1935bab9276b0fe1ee19f772bb2b747daa5103c3b8b83ddc
1290,nosft_Qwen2_5-72B-Instruct__prompt_w22_trajectory.jsonl,10888,3c0ed20ccdca1a12ca044ff9ed98e9f5b4309f87079ddaa3bc6f7c262b57b18a
1290,nosft_Llama-3_3-70B-Instruct__prompt_w22_trajectory.jsonl,10888,6e7eccc8c87724a555307ec48fa533fe00cf0dbb7d56d49c83aa2b5acc826346
1290,nosft_Mistral-7B-Instruct-v0_3__prompt_w23.jsonl,10726,1bcba12cc2dfb54d3474151cbfada471b02a26182d6e2f2d4ade7ac27731de12
1290,nosft_Qwen2_5-7B-Instruct-GPTQ-Int4__prompt_w23.jsonl,10726,e94ad7ef1e34b13a5985270b138d7e860fd41e9ee7d537053f5ea28d6ace41c3
1290,nosft_Qwen2_5-32B-Instruct__prompt_w23.jsonl,10726,c821ee49d5a597ba8e01ed371b65acf7de5ae8886b2def2133f743e18a00a6bc
1290,nosft_Qwen2_5-72B-Instruct__prompt_w23.jsonl,10726,58d52f873afd2c34c0bdfb5babfef0a0e5f66c86888c0582c06b99feecc60e86
1290,nosft_Llama-3_3-70B-Instruct__prompt_w23.jsonl,10726,e7d15d02f29ca81b8c640f953d5884f2a28cfdfc935ac6667f700996fe6e32d4
1290,nosft_Mistral-7B-Instruct-v0_3__prompt_w23_baseline_notime.jsonl,10726,df5e4148f0341eb361cec1ad342ca529009e585a9e6853e1a77161acda47f269
1290,nosft_Qwen2_5-7B-Instruct-GPTQ-Int4__prompt_w23_baseline_notime.jsonl,10726,097f176e60eae2cbbd552a2b7b2c1c6e4b05bdfffb4ae4dbf2a291dca19a99a6
1290,nosft_Qwen2_5-32B-Instruct__prompt_w23_baseline_notime.jsonl,10726,b762f386d3b3d414b3e5b92bb78d1cead3c479634d94eea2a44066693bfe52d3
1290,nosft_Qwen2_5-72B-Instruct__prompt_w23_baseline_notime.jsonl,10726,6fac4df2288a9a9dbc79ebcedd11fcfd28481fc97b0b911a5d061f9832acfec1
1290,nosft_Llama-3_3-70B-Instruct__prompt_w23_baseline_notime.jsonl,10726,878996e011a74e04927394d1df50e4423c8f13be2c4119e60affc73360d0c6e1
1290,nosft_Mistral-7B-Instruct-v0_3__prompt_w23_tanchored.jsonl,10726,bedef8b841e13b80be6729c1bf532328a794867def4d272a35bcbafbebe8d63b
1290,nosft_Qwen2_5-7B-Instruct-GPTQ-Int4__prompt_w23_tanchored.jsonl,10726,8bf8c21dccf754d7f77c7a89509cb492e294d24b4c9a00688c3330952ad1a90c
1290,nosft_Qwen2_5-32B-Instruct__prompt_w23_tanchored.jsonl,10726,35d45b0cce849b2e4d26ecb2d69db76b138c009ede2b41f26d7f2527cfc12f71
1290,nosft_Qwen2_5-72B-Instruct__prompt_w23_tanchored.jsonl,10726,c654946ba6d759a1e51f49bc54412608a29a8b98cf63019f2808420f52303f53
1290,nosft_Llama-3_3-70B-Instruct__prompt_w23_tanchored.jsonl,10726,fea21bdac7169c3a29a9b3356fc6c1caf33f42b0c52e90565b4fb9a9044f0eb6
1290,nosft_Mistral-7B-Instruct-v0_3__prompt_w23_trajectory.jsonl,9472,1907d182f30a98b2716c00c7239c24d1b1f43239ca95fef6ae18bdbad0f9ed83
1290,nosft_Qwen2_5-7B-Instruct-GPTQ-Int4__prompt_w23_trajectory.jsonl,9472,f5ce19b4056b82e96792b69fd6b50580febc59c111f66a2065cc9667a7649dda
1290,nosft_Qwen2_5-32B-Instruct__prompt_w23_trajectory.jsonl,9472,d96af849e8e7073316414924c56018b4276d125e618f91e2e7da0591b0a16cb5
1290,nosft_Qwen2_5-72B-Instruct__prompt_w23_trajectory.jsonl,9472,78c40cef9b4179c99f4875028e87ee3941d87355e84b457a730e3d6247b9422d
1290,nosft_Llama-3_3-70B-Instruct__prompt_w23_trajectory.jsonl,9472,654d97ea64e69e0a9a012b20bce1b650a237c3e43253051a9efca8b882f11865
1290,nosft_Mistral-7B-Instruct-v0_3__prompt_w25.jsonl,9815,9c106bf42c45dd6645faea6db8d0237bb115e87c8f33d65dfea2e3b7a338fcbd
1290,nosft_Qwen2_5-7B-Instruct-GPTQ-Int4__prompt_w25.jsonl,9815,61fa108cde64c1fa1b96bce418e0182416ecddb464dee808b304222cf96574cf
1290,nosft_Qwen2_5-32B-Instruct__prompt_w25.jsonl,9815,0e7f7861126cd4273ca2930ba580cdf4e6522815e0558a81ab3fdbf443347a51
1290,nosft_Qwen2_5-72B-Instruct__prompt_w25.jsonl,9815,b186e8f686b252ef49894b1344943a7e0d94093c09ff894ff9add26177f21632
1290,nosft_Llama-3_3-70B-Instruct__prompt_w25.jsonl,9815,491e3d426a3924a96ae8dd1386efd5cfcc96003af26b22a81f29a13d59d98667
1290,nosft_Mistral-7B-Instruct-v0_3__prompt_w25_baseline_notime.jsonl,9815,adca707813049db0dbe5c0eb5b584e3fd392e3a6bdc21cc4d511047565796c03
1290,nosft_Qwen2_5-7B-Instruct-GPTQ-Int4__prompt_w25_baseline_notime.jsonl,9815,8a2e3048819dc6c6a910a95a8635f718699ba817989ca510b1b6959d6c10d2ed
1290,nosft_Qwen2_5-32B-Instruct__prompt_w25_baseline_notime.jsonl,9815,a2a8fa215cf5c0c25779ce2108d8bf479377a798a9dbdd783ddb0b48cb47f35b
1290,nosft_Qwen2_5-72B-Instruct__prompt_w25_baseline_notime.jsonl,9815,49e43e0fe7fa9ab5f6b184e5921a3608a5accdfbfec0bbb6fd31b28beb5be121
1290,nosft_Llama-3_3-70B-Instruct__prompt_w25_baseline_notime.jsonl,9815,c4e856846a95b445dde33da936388bf806a36a24bbfff99cd1fb4ac005c52e3c
1290,nosft_Mistral-7B-Instruct-v0_3__prompt_w25_tanchored.jsonl,9815,c65760824f97f1ab7c585eb913b9242980757f9ad3946543c2a1ed78d5adf674
1290,nosft_Qwen2_5-7B-Instruct-GPTQ-Int4__prompt_w25_tanchored.jsonl,9815,b19e16d92d7a5d47518aed7d4ed8921d152d2e04d2f3c769aa4d49ee5fa7c29c
1290,nosft_Qwen2_5-32B-Instruct__prompt_w25_tanchored.jsonl,9815,2d8bbcd5cf61460593be5e3a45c1fba362b630aa0b1571a5e10caa86b767f776
1290,nosft_Qwen2_5-72B-Instruct__prompt_w25_tanchored.jsonl,9815,f321438e51d6e889c0c8f771eeaa1c8797ddf452999a34a6b1d64a11af5e1293
1290,nosft_Llama-3_3-70B-Instruct__prompt_w25_tanchored.jsonl,9815,437f025d6e62f4d33a99b39169a6b6fade277f1558c90e2969371d65839bc9b8
1290,nosft_Mistral-7B-Instruct-v0_3__prompt_w25_trajectory.jsonl,8397,b35861ffe0a2ff8575266bb0a7b1f973d4331bb0f451331093e2bb053de892d4
1290,nosft_Qwen2_5-7B-Instruct-GPTQ-Int4__prompt_w25_trajectory.jsonl,8397,53473d9e2118372290435b801cced9586994c4cacd0894a21d0b4dd75cb3d24f
1290,nosft_Qwen2_5-32B-Instruct__prompt_w25_trajectory.jsonl,8397,97d2b72ef11f2da15b389d62cfe500efc7421237d10be1cf52478b2c5455e0f7
1290,nosft_Qwen2_5-72B-Instruct__prompt_w25_trajectory.jsonl,8397,baaae0e0269c74f5d5efe79f8633068df740e1b9a114164a873e922181924a02
1290,nosft_Llama-3_3-70B-Instruct__prompt_w25_trajectory.jsonl,8397,745213ba3f956b7efcca0d6d142361ad3c1e40a3b3802309e37910927a914512
1290,nosft_Mistral-7B-Instruct-v0_3__prompt_w26.jsonl,8299,02c968a56563352bb8dc9c0c4719380c7d50672a6221bd61028eedf72b01f3d9
1290,nosft_Qwen2_5-7B-Instruct-GPTQ-Int4__prompt_w26.jsonl,8299,4121e06802913b66cf21230fe1f726f054e9799af6d45ce5c6b4e2c6dc7d5bdc
1290,nosft_Qwen2_5-32B-Instruct__prompt_w26.jsonl,8299,79ab8c783787b7e7fc38389c6e89a277a6d76c3057aa6a5a716bf7c9fec7be7f
1290,nosft_Qwen2_5-72B-Instruct__prompt_w26.jsonl,8299,5c7dd87d768b6333e478b8c3b8d201119dd45d89f2f63e25a1af7bf9a8f010c6
1290,nosft_Llama-3_3-70B-Instruct__prompt_w26.jsonl,8299,6af1cdbc1c7d7737a615a9bdb75575ab7616ea1c231cc286fc84f541352876f3
1290,nosft_Mistral-7B-Instruct-v0_3__prompt_w26_baseline_notime.jsonl,8299,4ab7016b233c983d87b510737bac6bf3e3128a5d6461c03d66bcedb29b63937b
1290,nosft_Qwen2_5-7B-Instruct-GPTQ-Int4__prompt_w26_baseline_notime.jsonl,8299,1af5e08842ef4ff11addff05ee8078177836f512cd0fbabd1176af65df9eb24d
1290,nosft_Qwen2_5-32B-Instruct__prompt_w26_baseline_notime.jsonl,8299,2271ebb6de5cd228b3c4bd8dbf7157ab851ef77999e3f7bae400cde76fd795c7
1290,nosft_Qwen2_5-72B-Instruct__prompt_w26_baseline_notime.jsonl,8299,8ab8cba91bbf5fe7e28f7e99c5f9a83bca5aada4ded93e37199d3ad6b22eac78
1290,nosft_Llama-3_3-70B-Instruct__prompt_w26_baseline_notime.jsonl,8299,9335a9fb6528c50864a33ebe6fefdfd6820923900e370b8c87c19cb30e6173f3
1290,nosft_Mistral-7B-Instruct-v0_3__prompt_w26_tanchored.jsonl,8299,c3b0b6e70cf462f6d336ddac685cc9090a0d931e23730c680b3ad4179c2910fd
1290,nosft_Qwen2_5-7B-Instruct-GPTQ-Int4__prompt_w26_tanchored.jsonl,8299,7ca8b6f23f51dc25e3f93ec06a5853c14596229021e5414574dec24e2f7eee93
1290,nosft_Qwen2_5-32B-Instruct__prompt_w26_tanchored.jsonl,8299,605d1852dab7c9982531c073e8d08da29068e7fdd003f8cbd58360e49f6f7cc1
1290,nosft_Qwen2_5-72B-Instruct__prompt_w26_tanchored.jsonl,8299,5f4b548a9d8cf6e0d0f6c10afb2ced083c8d0f7e2e08d42b7173cd296d87f56c
1290,nosft_Llama-3_3-70B-Instruct__prompt_w26_tanchored.jsonl,8299,7ea11dcf86b273b031dfab79bf5bf4530cee75ae73c33b7caf1cfa09e7f3e90e
1290,nosft_Mistral-7B-Instruct-v0_3__prompt_w26_trajectory.jsonl,7383,7f5602e626e531da27d5886bb716790d312609bb9f2cbccb302c98f048f60dd0
1290,nosft_Qwen2_5-7B-Instruct-GPTQ-Int4__prompt_w26_trajectory.jsonl,7383,4455155e5b76369ef44c7f54807ea32678287202bfd016602cec29ec06e2149d
1290,nosft_Qwen2_5-32B-Instruct__prompt_w26_trajectory.jsonl,7383,50d0ea5cf11ec710c8137441d16f39ad5b31c73fb2c87f830c1053c363a03635
1290,nosft_Qwen2_5-72B-Instruct__prompt_w26_trajectory.jsonl,7383,3d4b4343c1dc34e327c4c020404f859e10d2132e006301cd469a348bb7040d63
1290,nosft_Llama-3_3-70B-Instruct__prompt_w26_trajectory.jsonl,7383,50beb899b5bde6f7e7b9d4243d5dbf9507e9f0f6e6cf65aded466d6106410084
1290_original_scale,nosft_Mistral-7B-Instruct-v0_3__prompt_w10.jsonl,10614,20462b5501847fbe3c80f0481363cc71fb18c6785dbdbe2e46ffc3c5e76f3b9b
1290_original_scale,nosft_Qwen2_5-7B-Instruct-GPTQ-Int4__prompt_w10.jsonl,10614,0c4be35d4f52018eb05633b343dc6f4685b9a8eb3dc27446b7b9e35956df0d2a
1290_original_scale,nosft_Qwen2_5-32B-Instruct__prompt_w10.jsonl,10614,0611b0686f82d2648a9f71f6522c5347a2ffd07bc3bc3a1fac68687c81f01e0c
1290_original_scale,nosft_Qwen2_5-72B-Instruct__prompt_w10.jsonl,10614,58e997c6fb4fbce62f546f03b2bc684b7921c7ff81252050f182a4ea55e6bcb1
1290_original_scale,nosft_Llama-3_3-70B-Instruct__prompt_w10.jsonl,10614,5ef19506aaf13698adf486e13f289cce5b524e24199658d281fef6b8561f59c0
1290_original_scale,nosft_Mistral-7B-Instruct-v0_3__prompt_w10_baseline_notime.jsonl,10614,d9f4f9319471b2639fc27351ecfe6b793c08c6514b9801b8685173480ad468ec
1290_original_scale,nosft_Qwen2_5-7B-Instruct-GPTQ-Int4__prompt_w10_baseline_notime.jsonl,10614,10827d1414718059e91bcdde71a35a389ecd0a379359a610930fc8ccbd0243af
1290_original_scale,nosft_Qwen2_5-32B-Instruct__prompt_w10_baseline_notime.jsonl,10614,f96d266f376ca053d7290b32c27ca2dd7e2718ec30e45e9c74d631ca8b101d12
1290_original_scale,nosft_Qwen2_5-72B-Instruct__prompt_w10_baseline_notime.jsonl,10614,61c3999e7286bfb224fd64238d5e582dfa92b770c251aa144dd93fec561fea51
1290_original_scale,nosft_Llama-3_3-70B-Instruct__prompt_w10_baseline_notime.jsonl,10614,0d036b43b95ee1b253b08bcdcc197b0df434644875fce0cb4364dbb3c972a1da
1290_original_scale,nosft_Mistral-7B-Instruct-v0_3__prompt_w10_tanchored.jsonl,10614,2ea365ef7e15e54cd5100a780166203ba838f0a1aa052ab3f3b77a8d83a51d74
1290_original_scale,nosft_Qwen2_5-7B-Instruct-GPTQ-Int4__prompt_w10_tanchored.jsonl,10614,e69355bf17d47e5a189dbb94bdfa5b6b9fedd51add5b6e0adefc5203c1de336c
1290_original_scale,nosft_Qwen2_5-32B-Instruct__prompt_w10_tanchored.jsonl,10614,d8d71cb11370f51fcca2bdd2517d8ac47d9992d56a31f95e22c1e03384bf9a89
1290_original_scale,nosft_Qwen2_5-72B-Instruct__prompt_w10_tanchored.jsonl,10614,b4b2037575d2f341e21c95180b05246c7f06b036f21df8324a2509a02f68dea3
1290_original_scale,nosft_Llama-3_3-70B-Instruct__prompt_w10_tanchored.jsonl,10614,7816df3807e793253bfd54a0fe119f6fc8fa8a68de14e527c1d06bc182e3df1b
1290_original_scale,nosft_Mistral-7B-Instruct-v0_3__prompt_w11.jsonl,9491,34372037bdc4c0c642d8b92f446c4d48cc243126fd0f41835d3e1dd5fefef6c7
1290_original_scale,nosft_Qwen2_5-7B-Instruct-GPTQ-Int4__prompt_w11.jsonl,9491,25b1b10f441a9a04c3b7c643fa8ad0113a774b152523bf195eccb919be8f042d
1290_original_scale,nosft_Qwen2_5-32B-Instruct__prompt_w11.jsonl,9491,5723f1e921194d8f9e823dbee20ba5c3b03b136c0352d20793a1dc75a21ee499
1290_original_scale,nosft_Qwen2_5-72B-Instruct__prompt_w11.jsonl,9491,bf90c8e14b931c8c8cf20e64c63ba8dd8c96c86c651dd28486a7f1f1c0085731
1290_original_scale,nosft_Llama-3_3-70B-Instruct__prompt_w11.jsonl,9491,4d527ba1aa8812fefddb0145f48ab6c1e3cbb736ad1078fd164c157eea2ebd92
1290_original_scale,nosft_Mistral-7B-Instruct-v0_3__prompt_w11_baseline_notime.jsonl,9491,a613c00a48627093627963ba0c07e79519cd8595e715b16b3b97c73d3903461a
1290_original_scale,nosft_Qwen2_5-7B-Instruct-GPTQ-Int4__prompt_w11_baseline_notime.jsonl,9491,474a2ee0d1ff106b2e473564a368ab7c09a0a51858f1dbcbc34b1fcd7012d7b5
1290_original_scale,nosft_Qwen2_5-32B-Instruct__prompt_w11_baseline_notime.jsonl,9491,ec1e662efac1118e59eca4c699d50b22c7a21f73d0168eb37c7dbf6120bb652c
1290_original_scale,nosft_Qwen2_5-72B-Instruct__prompt_w11_baseline_notime.jsonl,9491,834125c7fc2465e392a53ad279754dc231b308cbba924302f727d13c8b04425b
1290_original_scale,nosft_Llama-3_3-70B-Instruct__prompt_w11_baseline_notime.jsonl,9491,5389d88faa52784a4ea0afe10bd0d6b4445263f2da63cdc2fdf8046f73361287
1290_original_scale,nosft_Mistral-7B-Instruct-v0_3__prompt_w11_tanchored.jsonl,9491,cf4ac60f5f0050655ad4404f43ac8ba1c04af82464b18b4b82a44a1ff465f93a
1290_original_scale,nosft_Qwen2_5-7B-Instruct-GPTQ-Int4__prompt_w11_tanchored.jsonl,9491,19a8fa8112f9b8ca7b6ad0f97cdbdd5193eb29491be18c61446b3c1e5477e769
1290_original_scale,nosft_Qwen2_5-32B-Instruct__prompt_w11_tanchored.jsonl,9491,eae7ae3ae4db46a8dc38322e1387fb26ef1c1db38273f9dee0d140dfd36f36b9
1290_original_scale,nosft_Qwen2_5-72B-Instruct__prompt_w11_tanchored.jsonl,9491,762a2d579195540865ff8f7147ccf3dd9368e88064f977700a44b07e44754547
1290_original_scale,nosft_Llama-3_3-70B-Instruct__prompt_w11_tanchored.jsonl,9491,ef3c567ac0d4051396884d107a1e11407c990397664fc0c997b2ff5cdcbcb686
1290_original_scale,nosft_Mistral-7B-Instruct-v0_3__prompt_w11_trajectory.jsonl,8507,98c17e2fe6496859c797bea36f71564dbd036bc6f07e998944731f2ea748ce4c
1290_original_scale,nosft_Qwen2_5-7B-Instruct-GPTQ-Int4__prompt_w11_trajectory.jsonl,8507,f57938fac80edc680d5c7d45801cf467f192b57a5d62bdf092384bb3e006cc24
1290_original_scale,nosft_Qwen2_5-32B-Instruct__prompt_w11_trajectory.jsonl,8507,f68b82c79c2eabf4d5784df94888747f586baebb5dff57620a63bf214a177075
1290_original_scale,nosft_Qwen2_5-72B-Instruct__prompt_w11_trajectory.jsonl,8507,231b5edcfc02f1e02b546d4ab975df170711436f0d705c916bb062dcaa891464
1290_original_scale,nosft_Llama-3_3-70B-Instruct__prompt_w11_trajectory.jsonl,8507,246fed1eabc4ad5221d36d2003d09d3d00431729d10212acffe3e1fe62627ac6
1290_original_scale,nosft_Mistral-7B-Instruct-v0_3__prompt_w14.jsonl,8494,58f79c901032374bb1f213941b6a55ec1e212f46791dea3d0f8f68b3dcf25c9a
1290_original_scale,nosft_Qwen2_5-7B-Instruct-GPTQ-Int4__prompt_w14.jsonl,8494,a12901dc6a63c6eaf7bf604ba61eb163fdc7fa50b27f58558396ed35fc77d838
1290_original_scale,nosft_Qwen2_5-32B-Instruct__prompt_w14.jsonl,8494,17ef63154c0aef6769f3aa52bf2189320b013a83d39d51546716ed9365d571e8
1290_original_scale,nosft_Qwen2_5-72B-Instruct__prompt_w14.jsonl,8494,a08a882c2996047bcd2f753fe284b50d115ada1f8d326e444ad00911847be36d
1290_original_scale,nosft_Llama-3_3-70B-Instruct__prompt_w14.jsonl,8494,28c197e4abe10ef5eb0b1acbe4b7300ec6f86c4a373c0f9acfd262a12ce2dd52
1290_original_scale,nosft_Mistral-7B-Instruct-v0_3__prompt_w14_baseline_notime.jsonl,8494,0b8d84be576cc20aeae507c99c61c791a665279b797a69482864c17c169a3761
1290_original_scale,nosft_Qwen2_5-7B-Instruct-GPTQ-Int4__prompt_w14_baseline_notime.jsonl,8494,4fa9b02edce38c9e81df5e583a8dc4e7ee1d4f4247e7db83328e8bf16814b111
1290_original_scale,nosft_Qwen2_5-32B-Instruct__prompt_w14_baseline_notime.jsonl,8494,22346a0aa94a0283e76a243422c14d36a23a675f6a93d42dda8f1d8634b1d593
1290_original_scale,nosft_Qwen2_5-72B-Instruct__prompt_w14_baseline_notime.jsonl,8494,139f37c99482b3018020e9726c62531284004af4621fb3bb1f247eab376e8fdc
1290_original_scale,nosft_Llama-3_3-70B-Instruct__prompt_w14_baseline_notime.jsonl,8494,873865d16240784c935b684d7be3889f3c49916f8420cab1b690123d9cc35b4c
1290_original_scale,nosft_Mistral-7B-Instruct-v0_3__prompt_w14_tanchored.jsonl,8494,ec803c28196ee7e33cbd908913522cf87aafb1022c87bf619a8eda4f19f2c49e
1290_original_scale,nosft_Qwen2_5-7B-Instruct-GPTQ-Int4__prompt_w14_tanchored.jsonl,8494,42c415f820cd7a7c383abaed66903fd0d16cf80f5910bd8125edec4477e36a6d
1290_original_scale,nosft_Qwen2_5-32B-Instruct__prompt_w14_tanchored.jsonl,8494,7819c4072e84c3d5cf27165bc24fac2627540c3f0f5b4224323279e9e8459160
1290_original_scale,nosft_Qwen2_5-72B-Instruct__prompt_w14_tanchored.jsonl,8494,d657891ff03b85c531a96f50c2fda9c677ac94c0e0d9513828269cb7cc28b472
1290_original_scale,nosft_Llama-3_3-70B-Instruct__prompt_w14_tanchored.jsonl,8494,d2a711301cb90ae804da1110ca8bd981a0091f3825667235b1880bcc2943b866
1290_original_scale,nosft_Mistral-7B-Instruct-v0_3__prompt_w14_trajectory.jsonl,7318,ca842346d89242e03c2187d425ef9489ac5c06f783ec8bd0c6e4af4a64ff3fb1
1290_original_scale,nosft_Qwen2_5-7B-Instruct-GPTQ-Int4__prompt_w14_trajectory.jsonl,7318,fb63fce17c5846f34720db2fa1b9a829c8ad4d0f1a27394c78cca4ecad9dec5c
1290_original_scale,nosft_Qwen2_5-32B-Instruct__prompt_w14_trajectory.jsonl,7318,e6afb597df4ef5cba9c5584c6ebc77fbff0ebb6c335cb7914d8c8f3faa924f4c
1290_original_scale,nosft_Qwen2_5-72B-Instruct__prompt_w14_trajectory.jsonl,7318,7b60828f28f9d09648651238fdb9d59cb53d5331f421baf7866ce9b23684a53e
1290_original_scale,nosft_Llama-3_3-70B-Instruct__prompt_w14_trajectory.jsonl,7318,1b30918c9858346205d90899d674fb6769bbfeed3535848dfd0d415094c11e08
1290_original_scale,nosft_Mistral-7B-Instruct-v0_3__prompt_w15.jsonl,15413,c4aab3d483e7b057706cac6dc3d1746961029be0542f513e797010a5cc541652
1290_original_scale,nosft_Qwen2_5-7B-Instruct-GPTQ-Int4__prompt_w15.jsonl,15413,2a1ad0891082f666324d394092ad12ecd2c0eb88bf78e3790d6b7cab0f8418d7
1290_original_scale,nosft_Qwen2_5-32B-Instruct__prompt_w15.jsonl,15413,e62d79a83a8c14b8aebfcd51ac0bdb857adb6e96a5409acb6f6bcfe30f11ef34
1290_original_scale,nosft_Qwen2_5-72B-Instruct__prompt_w15.jsonl,15413,f0ed26358779ebfe40a228dde5749b6e5692496f2d5661182ee4c7ffd62f7f53
1290_original_scale,nosft_Llama-3_3-70B-Instruct__prompt_w15.jsonl,15413,9cfd26ee0ee6e2f29f33cbc05c788975ba1523b5ae156ad3702e001b2a173dff
1290_original_scale,nosft_Mistral-7B-Instruct-v0_3__prompt_w15_baseline_notime.jsonl,15413,4dbadfe1e93444d98b855cda11894797a1d0817c7a9078770962acdc1fd76c23
1290_original_scale,nosft_Qwen2_5-7B-Instruct-GPTQ-Int4__prompt_w15_baseline_notime.jsonl,15413,a62a99d3248ca658790f4ca03e134d131a6082ec599db0c751d514d1dac26a37
1290_original_scale,nosft_Qwen2_5-32B-Instruct__prompt_w15_baseline_notime.jsonl,15413,bc7b7c1d502420cff67fd5b9b26084946983418449733e9669f14fc8a5afaa30
1290_original_scale,nosft_Qwen2_5-72B-Instruct__prompt_w15_baseline_notime.jsonl,15413,757cd7019cf424d74a6fde7d593996f0cd766b4d0321d4d74123aa848721c4ba
1290_original_scale,nosft_Llama-3_3-70B-Instruct__prompt_w15_baseline_notime.jsonl,15413,28df6c274675d0754bf1f917259cd85a7e6ceb14bcca5330f8b875ce2f918077
1290_original_scale,nosft_Mistral-7B-Instruct-v0_3__prompt_w15_tanchored.jsonl,15413,df8777d1f90824041f9f1121f7441dfbb34511d66f66f2c009a523008b36c855
1290_original_scale,nosft_Qwen2_5-7B-Instruct-GPTQ-Int4__prompt_w15_tanchored.jsonl,15413,bb2ac87f7069b3982ba14ac7ec8da691f0c214ec124dff32cd804890ebde4d65
1290_original_scale,nosft_Qwen2_5-32B-Instruct__prompt_w15_tanchored.jsonl,15413,44011e0335b3873e5bf7e5fc714739a3da47988c396468c10699276de6c8066b
1290_original_scale,nosft_Qwen2_5-72B-Instruct__prompt_w15_tanchored.jsonl,15413,8718c982cbc0de0ea173f8f00b958f35489a490794a22ec70faa03ff9c30ec7f
1290_original_scale,nosft_Llama-3_3-70B-Instruct__prompt_w15_tanchored.jsonl,15413,ea62664c20ffd884c42a4f02be90b795e38baddd5dd8df79c08aa05327182300
1290_original_scale,nosft_Mistral-7B-Instruct-v0_3__prompt_w15_trajectory.jsonl,7411,7437970b7b4f8941acd5982f8086f7f5a40b665fc3bf07637e89a006a3495474
1290_original_scale,nosft_Qwen2_5-7B-Instruct-GPTQ-Int4__prompt_w15_trajectory.jsonl,7411,29f9b69d0b1b3d9e66c4bb8e2a2f1819710f56d75bd4908a99d50e787aea5792
1290_original_scale,nosft_Qwen2_5-32B-Instruct__prompt_w15_trajectory.jsonl,7411,d3d8068e0e13d27dbe9ecbf92445958cd3febde7485f925aca323c448a8df163
1290_original_scale,nosft_Qwen2_5-72B-Instruct__prompt_w15_trajectory.jsonl,7411,653e81bf97cf7dd0d6b5f09f83492c48f802414062dc03dc6d8d009a6cddf12e
1290_original_scale,nosft_Llama-3_3-70B-Instruct__prompt_w15_trajectory.jsonl,7411,da9c81d8da88a474d611a115c3eafa3279195f6b461a7477c2cbbe7eb6d89efc
1290_original_scale,nosft_Mistral-7B-Instruct-v0_3__prompt_w22.jsonl,11813,7e540c3dd428470648cd7d2eeef9e41a2798f20ee8e8259abe7692fd0a8a79b1
1290_original_scale,nosft_Qwen2_5-7B-Instruct-GPTQ-Int4__prompt_w22.jsonl,11813,956de2193d6ad9ca558602793addd8acc6fedf29b3e15a582ddff7fda0579961
1290_original_scale,nosft_Qwen2_5-32B-Instruct__prompt_w22.jsonl,11813,824289330fba64362598255d79a34bda229998fa2f45e6cfdd798a546b33480d
1290_original_scale,nosft_Qwen2_5-72B-Instruct__prompt_w22.jsonl,11813,98da7975c6f9cd47047158a94c4e022a4f5ef5d7c1812a9ab57c317d7dcf88fe
1290_original_scale,nosft_Llama-3_3-70B-Instruct__prompt_w22.jsonl,11813,4578a1bb8804c46ed37e25fcf5175a1ee525eef02e5f967d2f118ed6d439a86f
1290_original_scale,nosft_Mistral-7B-Instruct-v0_3__prompt_w22_baseline_notime.jsonl,11813,1365c2efe29e77a967fbfd477bd3936fdb19416e3e0f8316effcc6a2fde8f14b
1290_original_scale,nosft_Qwen2_5-7B-Instruct-GPTQ-Int4__prompt_w22_baseline_notime.jsonl,11813,7bb22f579181709fef9cca5f35047e0f5aacb654369bf8b25ccd3ef61659b08f
1290_original_scale,nosft_Qwen2_5-32B-Instruct__prompt_w22_baseline_notime.jsonl,11813,a9d26aa6c355b2cd93a305890cad074ec302189f233ece7b6340b95f34366bae
1290_original_scale,nosft_Qwen2_5-72B-Instruct__prompt_w22_baseline_notime.jsonl,11813,2660cb949c48a0594b7729f8d84b93838f0de237fed07477f544772ec103e763
1290_original_scale,nosft_Llama-3_3-70B-Instruct__prompt_w22_baseline_notime.jsonl,11813,19a960f5e0b84c478fe291898c706774c2b5be2817c10b58afccaac61730664f
1290_original_scale,nosft_Mistral-7B-Instruct-v0_3__prompt_w22_tanchored.jsonl,11813,4302c5a326b0f88cec37bb04a662512c33f1d97b05d95363dfa6c052e5d6c3c3
1290_original_scale,nosft_Qwen2_5-7B-Instruct-GPTQ-Int4__prompt_w22_tanchored.jsonl,11813,c3e379cd4b8a57ed896f767c296035ae852e1f3fb54614136529b0029f79457b
1290_original_scale,nosft_Qwen2_5-32B-Instruct__prompt_w22_tanchored.jsonl,11813,0cae4bde1416d728ac88417abe6f55b164a3794b4f00ae0d897f919fc6bab083
1290_original_scale,nosft_Qwen2_5-72B-Instruct__prompt_w22_tanchored.jsonl,11813,a21e3bae93b307252a03b4ad458a1d123c6547f29c56ba9d1f9c4ecb99bcc7f4
1290_original_scale,nosft_Llama-3_3-70B-Instruct__prompt_w22_tanchored.jsonl,11813,df6313861ea467b647f9e257f21d9efae551a11ad73e4ce6329a4e6798183fc4
1290_original_scale,nosft_Mistral-7B-Instruct-v0_3__prompt_w22_trajectory.jsonl,10888,4138347178ff7d70d546096bf8a8cc9de309d26a70c102379435f18e342b8326
1290_original_scale,nosft_Qwen2_5-7B-Instruct-GPTQ-Int4__prompt_w22_trajectory.jsonl,10888,4b6e12041dd1b56f05ed0911be9900f1601f1da393b01d45b4131a65bf59e4b9
1290_original_scale,nosft_Qwen2_5-32B-Instruct__prompt_w22_trajectory.jsonl,10888,c3afae01827b5e597ef7a6e42498425b8b99d0f3c5ab0c6666225442a7b55fbb
1290_original_scale,nosft_Qwen2_5-72B-Instruct__prompt_w22_trajectory.jsonl,10888,fd5ddf138cf453d2d80e12c0f097b03eb791c88c1e48dc1a279766db7c333f00
1290_original_scale,nosft_Llama-3_3-70B-Instruct__prompt_w22_trajectory.jsonl,10888,ca3dee6249c003fd4c1496f3cdf66b35e0b00e668e56b9c898ca698b5875f9df
1290_original_scale,nosft_Mistral-7B-Instruct-v0_3__prompt_w23.jsonl,10726,4d5b279a59a723bedca1a4f450df5fb8eecd1fbf5d563742731d6dee2c8e3ab2
1290_original_scale,nosft_Qwen2_5-7B-Instruct-GPTQ-Int4__prompt_w23.jsonl,10726,a1530c11d579fb9633049f9dc0d7a48ad08a7f69496ab8b23fb32ed3d9382e08
1290_original_scale,nosft_Qwen2_5-32B-Instruct__prompt_w23.jsonl,10726,279508cb242c60fbeb92015275a1ce8127a0e68c2009a058dbdb2bc918c3f9c9
1290_original_scale,nosft_Qwen2_5-72B-Instruct__prompt_w23.jsonl,10726,4d71a131d90f11d78a6ccbcd7fd0f2c12621d89e3c941cb7fa2f49868b3e290b
1290_original_scale,nosft_Llama-3_3-70B-Instruct__prompt_w23.jsonl,10726,724bb2ac1576f4ca15663bf852e6cc36aaaf5ce314954fd75d64a8f26bc2659d
1290_original_scale,nosft_Mistral-7B-Instruct-v0_3__prompt_w23_baseline_notime.jsonl,10726,7bf3c07f976357b2203597136551d6dc08cc3a1f134489900a685b077864cbee
1290_original_scale,nosft_Qwen2_5-7B-Instruct-GPTQ-Int4__prompt_w23_baseline_notime.jsonl,10726,79967e51d69bf6e3b06c22b8571fef85ef7c710dfd7e7c87dedcfae89a71724f
1290_original_scale,nosft_Qwen2_5-32B-Instruct__prompt_w23_baseline_notime.jsonl,10726,944a451ae3704dc11e533a577ace1bb9eba641eb4354836c67e9670370e181d3
1290_original_scale,nosft_Qwen2_5-72B-Instruct__prompt_w23_baseline_notime.jsonl,10726,aa2409ee9a8362f56e00ce61e37baeae719de9c3ab6ca50084ab5d515c56fe76
1290_original_scale,nosft_Llama-3_3-70B-Instruct__prompt_w23_baseline_notime.jsonl,10726,73ea126de0d14cc0f2d4d320937b908d4515cafaac87815ad236a5f472c870a2
1290_original_scale,nosft_Mistral-7B-Instruct-v0_3__prompt_w23_tanchored.jsonl,10726,f82541f2ca819539c5ee99b8a53b7f358f487219125ca132357e7ec425dca06c
1290_original_scale,nosft_Qwen2_5-7B-Instruct-GPTQ-Int4__prompt_w23_tanchored.jsonl,10726,de7c785fd1d3aba9f043d2a6545e14ddd725524e6d6bb7053850b2eac02d569b
1290_original_scale,nosft_Qwen2_5-32B-Instruct__prompt_w23_tanchored.jsonl,10726,0b96a75f8f55a07c1a1be079d1676da8c686c7414e01a076a1ff026bae1baacc
1290_original_scale,nosft_Qwen2_5-72B-Instruct__prompt_w23_tanchored.jsonl,10726,f01fa5d6c997c31f7b03dcc14a24b69de309bea09228af917c2e97fda2752b79
1290_original_scale,nosft_Llama-3_3-70B-Instruct__prompt_w23_tanchored.jsonl,10726,5bd159a7ad1c2751815181fe19b4cba1a8d6a1ef90388763089def6457ae2f2a
1290_original_scale,nosft_Mistral-7B-Instruct-v0_3__prompt_w23_trajectory.jsonl,9472,95a6d5e91532aa65b313cc90c1896ab83b622f24ee90d1a9319d737e4ccb694c
1290_original_scale,nosft_Qwen2_5-7B-Instruct-GPTQ-Int4__prompt_w23_trajectory.jsonl,9472,53d4547289df50d90baefed4de9713879124019bcc4ca717ffcb616585273d88
1290_original_scale,nosft_Qwen2_5-32B-Instruct__prompt_w23_trajectory.jsonl,9472,53d4547289df50d90baefed4de9713879124019bcc4ca717ffcb616585273d88
1290_original_scale,nosft_Qwen2_5-72B-Instruct__prompt_w23_trajectory.jsonl,9472,68e111974464876cb8c98bc3d8f1f6280ebf1f385e0d380bd760c1e547b3ad78
1290_original_scale,nosft_Llama-3_3-70B-Instruct__prompt_w23_trajectory.jsonl,9472,f603c47af93cccee417b3b43ff80672623c398a05cdf75df7c8c6cbe519b507a
1290_original_scale,nosft_Mistral-7B-Instruct-v0_3__prompt_w25.jsonl,9815,02d0d5ab408870680292809b0dba628cf55cc7a642579b0c20f8f9ee7f371b1d
1290_original_scale,nosft_Qwen2_5-7B-Instruct-GPTQ-Int4__prompt_w25.jsonl,9815,aac580410d3ef4fe5a1d4e756f37e93b8c5333afdf00688a64fc37a342124983
1290_original_scale,nosft_Qwen2_5-32B-Instruct__prompt_w25.jsonl,9815,999b8cba8d62bc05713e2b3385276c5ae47933b753f78bf640091827550e4349
1290_original_scale,nosft_Qwen2_5-72B-Instruct__prompt_w25.jsonl,9815,0f32bedbaf9c2f5465ee296a8a94db6eb57ed2cb4f581095a357988a5a35fb6c
1290_original_scale,nosft_Llama-3_3-70B-Instruct__prompt_w25.jsonl,9815,a3732ca4108b52bc171e854f86d3468b6bc09eeb9ddb55eb9ca3e6432b6ee4c8
1290_original_scale,nosft_Mistral-7B-Instruct-v0_3__prompt_w25_baseline_notime.jsonl,9815,030f53297bf20883f305114324cae2fb964c7145563ee70f2e18c9aef2ac0551
1290_original_scale,nosft_Qwen2_5-7B-Instruct-GPTQ-Int4__prompt_w25_baseline_notime.jsonl,9815,ffea952ff47a0f0882ec5cea117fdd4e71e35b94dd6d6700331468ac23820804
1290_original_scale,nosft_Qwen2_5-32B-Instruct__prompt_w25_baseline_notime.jsonl,9815,9d43184c3cad34aed944ed6c7807f723232cb7eedfc71e9b0819c83cc52a8a74
1290_original_scale,nosft_Qwen2_5-72B-Instruct__prompt_w25_baseline_notime.jsonl,9815,492cc6d2d38c8582b493c4ffe5719bf69751b45eb30475b4ba83b94f004e5c15
1290_original_scale,nosft_Llama-3_3-70B-Instruct__prompt_w25_baseline_notime.jsonl,9815,6e6088800b65edced8ce8125404daebf0ab0bab7e86cb6611a88bed4fa62f970
1290_original_scale,nosft_Mistral-7B-Instruct-v0_3__prompt_w25_tanchored.jsonl,9815,30a50193a87028425ed31e593ffec987bce61eb57a5d9bb9a48d19e76f26fa5b
1290_original_scale,nosft_Qwen2_5-7B-Instruct-GPTQ-Int4__prompt_w25_tanchored.jsonl,9815,b00818ccd14e71c4d44d64dd4286a6cc1169c5cb4d9c9fb24f12e4eb5cfea829
1290_original_scale,nosft_Qwen2_5-32B-Instruct__prompt_w25_tanchored.jsonl,9815,f1ec2bd970034f8fd04733769356e8ffac21036f6bebd0adbfd5a707c27b7e65
1290_original_scale,nosft_Qwen2_5-72B-Instruct__prompt_w25_tanchored.jsonl,9815,0b4a668274aa0fcf5ba5fdc4a02ba546800da37ff2c6057102932e016dcf5868
1290_original_scale,nosft_Llama-3_3-70B-Instruct__prompt_w25_tanchored.jsonl,9815,343c4ef78c9e9ecb5ed415f2beb4495f7f718949682de45b8e342809d6c88ce9
1290_original_scale,nosft_Mistral-7B-Instruct-v0_3__prompt_w25_trajectory.jsonl,8397,67fa8768b5ec10f08cf349c7390aca6f701a5fa400837868d788cc93b8681d60
1290_original_scale,nosft_Qwen2_5-7B-Instruct-GPTQ-Int4__prompt_w25_trajectory.jsonl,8397,ce6fa1089a3320d4e2ab1a36081337296e048e6608f466f29f2ce3ccea3f9e86
1290_original_scale,nosft_Qwen2_5-32B-Instruct__prompt_w25_trajectory.jsonl,8397,728382229ee171b0bd6221930d63797aeb869eb80fb4a0c870a14d6d3aab34fa
1290_original_scale,nosft_Qwen2_5-72B-Instruct__prompt_w25_trajectory.jsonl,8397,98764570780f84eadabf7d391551361f8e9024ce0a6e46e33db4085606788064
1290_original_scale,nosft_Llama-3_3-70B-Instruct__prompt_w25_trajectory.jsonl,8397,0d7cfc086f5bcf330a2356449c7b9f9bb91c1120e8b8d88fce5e89c5b35e9b0e
1290_original_scale,nosft_Mistral-7B-Instruct-v0_3__prompt_w26.jsonl,8299,1472f5433bbcadcd8e23f49db10e1a125833211fa20f4646d581517f26ca72c0
1290_original_scale,nosft_Qwen2_5-7B-Instruct-GPTQ-Int4__prompt_w26.jsonl,8299,3adf1df692de66205dbdc8daa4d645853f6550eb86ca7edbea93824211351134
1290_original_scale,nosft_Qwen2_5-32B-Instruct__prompt_w26.jsonl,8299,173557f96f095a0cb79e9288e27a06dd42efd23563c7fc1c7b861d76e7a635d9
1290_original_scale,nosft_Qwen2_5-72B-Instruct__prompt_w26.jsonl,8299,e3ecaa8903d523e786de7731d744ddae53e89169a4e7644a1f99c37196fa90b0
1290_original_scale,nosft_Llama-3_3-70B-Instruct__prompt_w26.jsonl,8299,e4ee845211f703f2c57a84943bc4a62e28ab071f27c4fc072b4f65417c35d901
1290_original_scale,nosft_Mistral-7B-Instruct-v0_3__prompt_w26_baseline_notime.jsonl,8299,969498bec80c2bbfa0e4a9b39d547e4f4eb53a1731f7cb4ee835848b0033ad31
1290_original_scale,nosft_Qwen2_5-7B-Instruct-GPTQ-Int4__prompt_w26_baseline_notime.jsonl,8299,e5a978549d84dd333a2b54b91cf7e9b6cb963d49ad20b8c21b0b3673c3c8647a
1290_original_scale,nosft_Qwen2_5-32B-Instruct__prompt_w26_baseline_notime.jsonl,8299,4f15580a829b3b4815e436186d9bc84cf997d20c12bcd2f3dd609f7bad798b03
1290_original_scale,nosft_Qwen2_5-72B-Instruct__prompt_w26_baseline_notime.jsonl,8299,87f856ec6b8b4128b764b266759175d4e3c8a22ee84343d35ba5c0591e5ecda6
1290_original_scale,nosft_Llama-3_3-70B-Instruct__prompt_w26_baseline_notime.jsonl,8299,503ceec080b9f0cdc966ec053d9c543c3486ed2d6025340a275b5e595688ce14
1290_original_scale,nosft_Mistral-7B-Instruct-v0_3__prompt_w26_tanchored.jsonl,8299,96512b3b96c57ef09ccedb17d64f83f3cf4e2026be58beebfa1865a95beec436
1290_original_scale,nosft_Qwen2_5-7B-Instruct-GPTQ-Int4__prompt_w26_tanchored.jsonl,8299,ceb0f3dfff79c9169d4664a5e86c7ada9deb60e51c47d12d5df3c283c29bcada
1290_original_scale,nosft_Qwen2_5-32B-Instruct__prompt_w26_tanchored.jsonl,8299,c932ada189c00396ef39e27a8bfcf6411e5f04ba157a8b589f4bc81881aa0c55
1290_original_scale,nosft_Qwen2_5-72B-Instruct__prompt_w26_tanchored.jsonl,8299,868be15fe0bb0395ed0cedc9f5e0fa4579e8f263e7ce1381aabcf3ca24c6aec4
1290_original_scale,nosft_Llama-3_3-70B-Instruct__prompt_w26_tanchored.jsonl,8299,060d8182325bc97da4b7d5acad0c16513d9395ae891cd09390f3a0422c20763d
1290_original_scale,nosft_Mistral-7B-Instruct-v0_3__prompt_w26_trajectory.jsonl,7383,5c454364688c41c78e2d36ccaee4fbf039944b88e1c4319c59aa2e03b7f1c4ee
1290_original_scale,nosft_Qwen2_5-7B-Instruct-GPTQ-Int4__prompt_w26_trajectory.jsonl,7383,6b51a4498afbc9f5ab34e4efa9885ceaa8dfe122dac9a0496f95ff500f6c0536
1290_original_scale,nosft_Qwen2_5-32B-Instruct__prompt_w26_trajectory.jsonl,7383,6cc932488774e6fb80cd65362c645be1492b543a4fdf39a592698e2d374b2fc6
1290_original_scale,nosft_Qwen2_5-72B-Instruct__prompt_w26_trajectory.jsonl,7383,768534ccae4db30f43b0d489b3dcc59f51e38227aff58b27bc58d550679e34c2
1290_original_scale,nosft_Llama-3_3-70B-Instruct__prompt_w26_trajectory.jsonl,7383,3b24c9c6643ab2bab3116528f1e796acde1af423c4fb7e1df636211d8e26cab5
1500,nosft_Mistral-7B-Instruct-v0_3__prompt_w10.jsonl,9699,5cbaac15d5b19541797d187925809994531ac11445fee21082a6036e6f12cb55
1500,nosft_Qwen2_5-7B-Instruct-GPTQ-Int4__prompt_w10.jsonl,9699,8d7dfe6a6d60f5932a9af731bea9d05b9ad4468c8c90cafa8797f41ed698dbe8
1500,nosft_Qwen2_5-32B-Instruct__prompt_w10.jsonl,9699,f7337470dc02ee9c27813e820faad77ca1d1b65f999fa3ba138aa528c56d9c8d
1500,nosft_Qwen2_5-72B-Instruct__prompt_w10.jsonl,9699,8ee4c4388426c40578de07b7a19d05a393c18d18ba2e71d38db737de30610cb5
1500,nosft_Llama-3_3-70B-Instruct__prompt_w10.jsonl,9699,c5f47ee8adbddaa5dd5567467b3e7e68d6094cba41cb00da92af7ba213d2edff
1500,nosft_Mistral-7B-Instruct-v0_3__prompt_w10_baseline_notime.jsonl,9699,3a23db6db353191e2c8f32906b16132f726e56206eb1c5c43d5fa865233701fe
1500,nosft_Qwen2_5-7B-Instruct-GPTQ-Int4__prompt_w10_baseline_notime.jsonl,9699,bfe74bff4977c4ae08158de69a4fa85ae4dfc4bd3fd257a774eb016a2dbd7d81
1500,nosft_Qwen2_5-32B-Instruct__prompt_w10_baseline_notime.jsonl,9699,acc647057f70a7518d20e1f2f4c8bcec3171835bf8235b6e7ef3fb9698ff9451
1500,nosft_Qwen2_5-72B-Instruct__prompt_w10_baseline_notime.jsonl,9699,9e4a02bbce79a84a2bf26025bfde937d9a151ad648727c17c0fcbe83a67e80ff
1500,nosft_Llama-3_3-70B-Instruct__prompt_w10_baseline_notime.jsonl,9699,7e31d7d424b92ba4f6402ccaee3ced8eff0c69c77010d36d6fbb932aaf22503d
1500,nosft_Mistral-7B-Instruct-v0_3__prompt_w10_tanchored.jsonl,9699,9278297a9bf299e28b8e92f0e4df9bf2f251645aa80cdf03e843ac6639b7f89b
1500,nosft_Qwen2_5-7B-Instruct-GPTQ-Int4__prompt_w10_tanchored.jsonl,9699,dedf14150d5d3272b5aa28f09732f932868ced9f7f6abb05614d799428fb2274
1500,nosft_Qwen2_5-32B-Instruct__prompt_w10_tanchored.jsonl,9699,dcf2d493ad0851d2ef9bd895953820c8649a5260f47c2e5abd30cbb7b2770db3
1500,nosft_Qwen2_5-72B-Instruct__prompt_w10_tanchored.jsonl,9699,45ef21e835b9299d67b71f39c043e81c35d7b0a7cc7a414570a9a740ed18bb69
1500,nosft_Llama-3_3-70B-Instruct__prompt_w10_tanchored.jsonl,9699,5254d17d28c3667561bae2f7843a5af90c545b2264a6717c3540241b1906c71f
1500,nosft_Mistral-7B-Instruct-v0_3__prompt_w14.jsonl,7896,3b08b64cbae45b0e2f44015f82208801c53826da0a0f94f3b510d5592ad675ac
1500,nosft_Qwen2_5-7B-Instruct-GPTQ-Int4__prompt_w14.jsonl,7896,991f780c82a95ba6414d37b2100618c9e9e1e2125d169a98e66e1d591aa993de
1500,nosft_Qwen2_5-32B-Instruct__prompt_w14.jsonl,7896,d5df70764596b75b1e8dc35cd522688c8c518a61eb507b168eca1fdfe18804b3
1500,nosft_Qwen2_5-72B-Instruct__prompt_w14.jsonl,7896,443b799cc79a8116923b70934c9bce0ff74896231a9058617ee8b9cc37c114eb
1500,nosft_Llama-3_3-70B-Instruct__prompt_w14.jsonl,7896,419f95e769bce929a764bccc588642ed914173e7c429511fc8fd98c9c94b7682
1500,nosft_Mistral-7B-Instruct-v0_3__prompt_w14_baseline_notime.jsonl,7896,fca9c209fb909b8b655f6a62aebcf0d7443e0dd41d7b5ad451c8c52afbebcfec
1500,nosft_Qwen2_5-7B-Instruct-GPTQ-Int4__prompt_w14_baseline_notime.jsonl,7896,d5affb99b01bc6c1c8e5c1f69c70522909d31479d70b45c091153a822c50a9c8
1500,nosft_Qwen2_5-32B-Instruct__prompt_w14_baseline_notime.jsonl,7896,405e4e6a3b3bb0ef4e4dc5526587c8abdeb7953d4f06fa80704269dd1aa558d1
1500,nosft_Qwen2_5-72B-Instruct__prompt_w14_baseline_notime.jsonl,7896,03475632f648deb60e11f309b3babedecfca0886026f7b46fa39c1cac94a34da
1500,nosft_Llama-3_3-70B-Instruct__prompt_w14_baseline_notime.jsonl,7896,de79748c6c8e1682c31c5e017016b7bf5eafdc40f645586b6bb61e38289050e9
1500,nosft_Mistral-7B-Instruct-v0_3__prompt_w14_tanchored.jsonl,7896,a86df55f5296f3909048a407a091ea42f92fab847408f50ef96d76521dafebeb
1500,nosft_Qwen2_5-7B-Instruct-GPTQ-Int4__prompt_w14_tanchored.jsonl,7896,724a44a82f41b04911423f13169758184236c1a6d136518378524e03cb71ca64
1500,nosft_Qwen2_5-32B-Instruct__prompt_w14_tanchored.jsonl,7896,bfe257ac5ed3eba1da8f5f467d1736db1b2f087be7ce534fe0173bfde0969600
1500,nosft_Qwen2_5-72B-Instruct__prompt_w14_tanchored.jsonl,7896,5feb8c1b8b4f2c1cd56d925a1cc14377ecc88781c09e535924c572977f06936b
1500,nosft_Llama-3_3-70B-Instruct__prompt_w14_tanchored.jsonl,7896,d79d67eb490d07ba3bc203edff71695197f22108551008f7f2e1e8beb2fda71a
1500,nosft_Mistral-7B-Instruct-v0_3__prompt_w14_trajectory.jsonl,6704,663b1d5398b043ec3bce99845526b5bf016df071444e69388b8b7fe74b28a930
1500,nosft_Qwen2_5-7B-Instruct-GPTQ-Int4__prompt_w14_trajectory.jsonl,6704,26ad1d475ac4d7f64720001a885d7caca38863322ec4c3643bab0c5b5720ecea
1500,nosft_Qwen2_5-32B-Instruct__prompt_w14_trajectory.jsonl,6704,5d0793830fd56d9c31bd307332103ab8e6982276e0431e9ac016950c9be7f7d0
1500,nosft_Qwen2_5-72B-Instruct__prompt_w14_trajectory.jsonl,6704,b6ba959a7e0491cd53fe9e4ddf9a437ba967278391595b01bfdcc2b7d1f68a17
1500,nosft_Llama-3_3-70B-Instruct__prompt_w14_trajectory.jsonl,6704,641b46db2b62eb63666415e79f61a234bf03af8154283733b8714364140b26e8
1500,nosft_Mistral-7B-Instruct-v0_3__prompt_w15.jsonl,14340,0d7924bbe777572bdca54901794fdf867060b47323cb9174c26f2fb78475e234
1500,nosft_Qwen2_5-7B-Instruct-GPTQ-Int4__prompt_w15.jsonl,14340,39dcfb3f5d9d028262067f94a1be73e50d973f62a572af8bb2fdcd8e425a550e
1500,nosft_Qwen2_5-32B-Instruct__prompt_w15.jsonl,14340,ea7575a9f25e7716c31cdfa17945885982ffd9f40e230eb3995e5a89e4e4b7bf
1500,nosft_Qwen2_5-72B-Instruct__prompt_w15.jsonl,14340,60bb8104e7bf8b6edd704b5afc17904eaf9f892954ccc4c797a2a77c7879b907
1500,nosft_Llama-3_3-70B-Instruct__prompt_w15.jsonl,14340,8e4badcca7a8deb5671877ee4d266245add450b4d6131d00dcab31be38bac1a2
1500,nosft_Mistral-7B-Instruct-v0_3__prompt_w15_baseline_notime.jsonl,14340,8a27d585b3d47a16485b7c29584b45ebdc4e2efed32a3916f308ab2630454214
1500,nosft_Qwen2_5-7B-Instruct-GPTQ-Int4__prompt_w15_baseline_notime.jsonl,14340,e417b20ac04606d54ae6ef51972d4010f2a1652deb7d42a8c6c1052e2af89513
1500,nosft_Qwen2_5-32B-Instruct__prompt_w15_baseline_notime.jsonl,14340,49ddc0c92787774f1ca38d9e11c96680031a3acb794615a54169f14d9f43e0f7
1500,nosft_Qwen2_5-72B-Instruct__prompt_w15_baseline_notime.jsonl,14340,1fd23a5c5900e2e50ed3c2c1854269eaa13769dbc1075a936849021dda240092
1500,nosft_Llama-3_3-70B-Instruct__prompt_w15_baseline_notime.jsonl,14340,7a4d36eb951c74e0ddddd7d7359e4f429b1ba5aca49e0fadae320c7b311636ac
1500,nosft_Mistral-7B-Instruct-v0_3__prompt_w15_tanchored.jsonl,14340,afdc88c3da715310b459c67ea6587ea5637ca5f16ea92a810407f4257ae9debd
1500,nosft_Qwen2_5-7B-Instruct-GPTQ-Int4__prompt_w15_tanchored.jsonl,14340,e569f3662111745037fc424ab92f9bb201294a03cccf2d8d1b70695c628c4457
1500,nosft_Qwen2_5-32B-Instruct__prompt_w15_tanchored.jsonl,14340,4a0efe694f004892a820f4c678d6dc99b112cdf08f0fb8c275a162a0d00f5d90
1500,nosft_Qwen2_5-72B-Instruct__prompt_w15_tanchored.jsonl,14340,10fad755dd0b373010646561b6ff5f11a7c751f8940a6fa14d045fe19022dcc1
1500,nosft_Llama-3_3-70B-Instruct__prompt_w15_tanchored.jsonl,14340,c72df0875768978670fd30f5b88ba657c0dda923281b01cc0b3177f019993e70
1500,nosft_Mistral-7B-Instruct-v0_3__prompt_w15_trajectory.jsonl,6736,dd220961ed4debedbff0e728a328324a8503207f1edbee76107be85ae35ffe31
1500,nosft_Qwen2_5-7B-Instruct-GPTQ-Int4__prompt_w15_trajectory.jsonl,6736,dcf2114e0a594f6739060fc8ad7753a1b24d81624270ebe020b80e429f8fd918
1500,nosft_Qwen2_5-32B-Instruct__prompt_w15_trajectory.jsonl,6736,28bd162d3d8f26e5a4dc8a5acd2e77590e85c7755cdbe91c538ee3ae1ed894ff
1500,nosft_Qwen2_5-72B-Instruct__prompt_w15_trajectory.jsonl,6736,fb9e870e5f29d63df4da45f1657780feddc43c68ab19366aa35d222fa33ee209
1500,nosft_Llama-3_3-70B-Instruct__prompt_w15_trajectory.jsonl,6736,aad9fdac8fc1bfdafbaf303cd3cc92390832ac922c4ef219fa8a08a522b9df61
1500,nosft_Mistral-7B-Instruct-v0_3__prompt_w22.jsonl,10946,5b8912ec4e43e7974dca8e3d45e4dd92f54a62f31f49109525db9c60588fc184
1500,nosft_Qwen2_5-7B-Instruct-GPTQ-Int4__prompt_w22.jsonl,10946,34e9be3b875b4776f8ec0a6f4a18b04fc5ea60317652a977c659d29f970ff546
1500,nosft_Qwen2_5-32B-Instruct__prompt_w22.jsonl,10946,7542828b4fc6b5996a9190d0e9a89878e939303db80c1226b6d2ed74aa3f6fb3
1500,nosft_Qwen2_5-72B-Instruct__prompt_w22.jsonl,10946,1afdceb126bf4d6e1c04a62822928e4489ef2e9f43d89b19b817583c5d30c948
1500,nosft_Llama-3_3-70B-Instruct__prompt_w22.jsonl,10946,8d6112ce3ad5aa298ff617e78f18e023cb63b8ad92afcdae1eecfb716ec94810
1500,nosft_Mistral-7B-Instruct-v0_3__prompt_w22_baseline_notime.jsonl,10946,abb779bdc12b8853134cc87e7191114d12cfd615e9455ef50a52587c4f956762
1500,nosft_Qwen2_5-7B-Instruct-GPTQ-Int4__prompt_w22_baseline_notime.jsonl,10946,e85f8031330e60332424011caca03c3215e1aceffbd090dd3c61a8b4f2253b0e
1500,nosft_Qwen2_5-32B-Instruct__prompt_w22_baseline_notime.jsonl,10946,fc5d345b40f42d3330f58f42ca0fdf06d7391d3a5a12de68e9fcff7f02b578d8
1500,nosft_Qwen2_5-72B-Instruct__prompt_w22_baseline_notime.jsonl,10946,e82b9c182ed2af57cc17c648718e0dd795a4ff57147fc415f4654ef261daf0b4
1500,nosft_Llama-3_3-70B-Instruct__prompt_w22_baseline_notime.jsonl,10946,a12aeff7f59c483ec8e06645b26e8fd7f9b0a715573526cb024ea036a1c9811c
1500,nosft_Mistral-7B-Instruct-v0_3__prompt_w22_tanchored.jsonl,10946,657f1d46cbd70c3cdca7630501a18dddf58a386d132da88697e444825ea24d43
1500,nosft_Qwen2_5-7B-Instruct-GPTQ-Int4__prompt_w22_tanchored.jsonl,10946,ea0ee9f300db4ec28c33dd90c314468cea878166630d2fa64b5ec6a4c70de2a4
1500,nosft_Qwen2_5-32B-Instruct__prompt_w22_tanchored.jsonl,10946,0f54af8826798a0f74dabb3b14f2edd7c0ac01098a5ceaadecaa8b329b42c6c7
1500,nosft_Qwen2_5-72B-Instruct__prompt_w22_tanchored.jsonl,10946,3e0541bb6099f84de5eb6ad0e442fcc389d490e38e2628faa0a86403d1893856
1500,nosft_Llama-3_3-70B-Instruct__prompt_w22_tanchored.jsonl,10946,e6d5855996df8b7dbf51644548c0887b2304b456967fd3c9011803a0ef751f92
1500,nosft_Mistral-7B-Instruct-v0_3__prompt_w22_trajectory.jsonl,9871,c969f0aa633c3e1252f56b2d34f30e66e249142369839eb85213cd158f0e49c1
1500,nosft_Qwen2_5-7B-Instruct-GPTQ-Int4__prompt_w22_trajectory.jsonl,9871,984c7c94ab05a6d68dbe18e400ee59df2024e47d210549dc792248bcc1d6a7b5
1500,nosft_Qwen2_5-32B-Instruct__prompt_w22_trajectory.jsonl,9871,1b2aac142cf72a375cbe61bfef99ff30c6aac0a92fb52cd229b22d6397a977ad
1500,nosft_Qwen2_5-72B-Instruct__prompt_w22_trajectory.jsonl,9871,65e1a3fbdace45031d6994967cf33c97f2431f9be2f114227cf7fe61072e93a3
1500,nosft_Llama-3_3-70B-Instruct__prompt_w22_trajectory.jsonl,9871,fcbc1e0989862982691d7372568583ec6773fb0ff99b2779cf12d03db912b077
1500,nosft_Mistral-7B-Instruct-v0_3__prompt_w23.jsonl,9896,f564352fe7002ce80845942b899f388ce1fb1f0a71798e32151314eae99d52de
1500,nosft_Qwen2_5-7B-Instruct-GPTQ-Int4__prompt_w23.jsonl,9896,db5b52e9df0c0398c0b94d189dd36efb794853cb0a55e3251c31c6a7cccd204d
1500,nosft_Qwen2_5-32B-Instruct__prompt_w23.jsonl,9896,d99f44f570edb7291bec51558bb9dad6f411bca047bd1fbacebab95a31d651d4
1500,nosft_Qwen2_5-72B-Instruct__prompt_w23.jsonl,9896,ad05d7c634063421fd5f8ab2e41e2b7596ee7c9b5f1a834e5fb94225a885dfde
1500,nosft_Llama-3_3-70B-Instruct__prompt_w23.jsonl,9896,fa59a43c6320316a702f95a02559595f330cbcf5d8c50f5057d5f2008ad4b5ce
1500,nosft_Mistral-7B-Instruct-v0_3__prompt_w23_baseline_notime.jsonl,9896,03fd979a396b159d32e2ef25800f6f58b6574d8708d074b91f1f49a72e8cdc1d
1500,nosft_Qwen2_5-7B-Instruct-GPTQ-Int4__prompt_w23_baseline_notime.jsonl,9896,59c95686a840ac568486e9f40d2a40aee07c32ea086b3c75822221ac5a1753fd
1500,nosft_Qwen2_5-32B-Instruct__prompt_w23_baseline_notime.jsonl,9896,33d88c8d341f49b48a9333c9c9f84fa778b52450f7d221afb0f24a9bb664436c
1500,nosft_Qwen2_5-72B-Instruct__prompt_w23_baseline_notime.jsonl,9896,0a425c8fcd7e2b47ebbb66549e7ed2176ab12a3e7d6cefefa27da87274fede18
1500,nosft_Llama-3_3-70B-Instruct__prompt_w23_baseline_notime.jsonl,9896,b51c029f895e290f1698a7cffc850a73c2b9f18316078700194fbbedb8ee7739
1500,nosft_Mistral-7B-Instruct-v0_3__prompt_w23_tanchored.jsonl,9896,54671f66484564aaced05ad87df75d88eb7c534cf3f220576d9895265a26abab
1500,nosft_Qwen2_5-7B-Instruct-GPTQ-Int4__prompt_w23_tanchored.jsonl,9896,0bbadef2ee7eac904a1bc595645be47e4c6a5ed8c53703c9acd32a29ee9b09a9
1500,nosft_Qwen2_5-32B-Instruct__prompt_w23_tanchored.jsonl,9896,735fbcaebc687b98393f145a9099b4914b852c833bbd572ac1adf47995afab6d
1500,nosft_Qwen2_5-72B-Instruct__prompt_w23_tanchored.jsonl,9896,c4064fe2fe07be075b52381a5ec7e6b23834a9d5b357bf3e513fc317dfa13db6
1500,nosft_Llama-3_3-70B-Instruct__prompt_w23_tanchored.jsonl,9896,6a418b11c462277f0c45318d935021812281053c53997e2b3e8db0a7c0f3da70
1500,nosft_Mistral-7B-Instruct-v0_3__prompt_w23_trajectory.jsonl,8578,40692c23f16fee05af21b82d32eff326d913024dbf399987a2dc487839a7a91c
1500,nosft_Qwen2_5-7B-Instruct-GPTQ-Int4__prompt_w23_trajectory.jsonl,8578,c8e3b51d3357ba29ce64eff87bdbab5dc3997c2d7702b005f256faa650000195
1500,nosft_Qwen2_5-32B-Instruct__prompt_w23_trajectory.jsonl,8578,947031809c1fa2bcdc80649e402b3df7e4a4f0555499e89a93edb004fc7f0b00
1500,nosft_Qwen2_5-72B-Instruct__prompt_w23_trajectory.jsonl,8578,51b504184c34b7957aaebde203b32086a035d005e93335a8821407d1709a6dc6
1500,nosft_Llama-3_3-70B-Instruct__prompt_w23_trajectory.jsonl,8578,05180e3a629a70d9607db92416e3f981d74987b95fc0c7bd57430018a65e8e17
1500,nosft_Mistral-7B-Instruct-v0_3__prompt_w25.jsonl,9085,e75ed44adebdce317a49dc9531a5158fb3b86d8beb0b67645ada02993c0799f0
1500,nosft_Qwen2_5-7B-Instruct-GPTQ-Int4__prompt_w25.jsonl,9085,8a0d2883b948fdcc4cb845e89cee65fe6bc89f23b6de168c7ef5726c0d6163ec
1500,nosft_Qwen2_5-32B-Instruct__prompt_w25.jsonl,9085,e310aa2c39bfb3254722d003f99c6c4765c5a11647e0689f630a5fb5789a6d2e
1500,nosft_Qwen2_5-72B-Instruct__prompt_w25.jsonl,9085,851ca498f15bb4125e0613118460c7a29493f44ab31cadb412271e8a4a4c472c
1500,nosft_Llama-3_3-70B-Instruct__prompt_w25.jsonl,9085,9b24417be66c6e7c7965013f2f08d21905efd403cc9f46f65c2c571ed26884fa
1500,nosft_Mistral-7B-Instruct-v0_3__prompt_w25_baseline_notime.jsonl,9085,ca7ab1a565e50a09e58bf5d8d07c5ebfe4543ecb8c377f437ccd65187c4845d3
1500,nosft_Qwen2_5-7B-Instruct-GPTQ-Int4__prompt_w25_baseline_notime.jsonl,9085,71524e4ab17ff0f04753530d10a7258ca47fe85a581e903dcb7a763199c525ee
1500,nosft_Qwen2_5-32B-Instruct__prompt_w25_baseline_notime.jsonl,9085,0414623c740aebe73bdef94c6a978ea968f87e4d9cf02cacc4969a417709831f
1500,nosft_Qwen2_5-72B-Instruct__prompt_w25_baseline_notime.jsonl,9085,b3ffe6760fdad19e8e40f0e94bd8ae6a12a2376326074f5ca337e706ed5e112d
1500,nosft_Llama-3_3-70B-Instruct__prompt_w25_baseline_notime.jsonl,9085,e49ed5b18dd4eb69055e61b38bbab49c3a5cf9301cb7082cd1b305d7bc869c45
1500,nosft_Mistral-7B-Instruct-v0_3__prompt_w25_tanchored.jsonl,9085,28164d06ab102d2bcf4a151fa498b090bda7e868ab7b6d3d5650e1541c1d5c72
1500,nosft_Qwen2_5-7B-Instruct-GPTQ-Int4__prompt_w25_tanchored.jsonl,9085,8af7608e581f8661d0700eeb28418ecc9bf7909017d849789372ed817387e0a0
1500,nosft_Qwen2_5-32B-Instruct__prompt_w25_tanchored.jsonl,9085,e8e5891547a7eb33b319d9216d8a283115d05bb25a75d7458e161f9d7f70f099
1500,nosft_Qwen2_5-72B-Instruct__prompt_w25_tanchored.jsonl,9085,5f48857ed6ae13d0ec1b4864263e5ebed8c817fd7e7c7d5d2806bb457043a7b5
1500,nosft_Llama-3_3-70B-Instruct__prompt_w25_tanchored.jsonl,9085,a135bed897739de4b78e22e8778217b1a48c57330bb955ce0a0394e5c84f3b33
1500,nosft_Mistral-7B-Instruct-v0_3__prompt_w25_trajectory.jsonl,7609,fac9de3dc16492ffa635d8510a979376fbed36b11c634f61e5fffbe7f1cb2175
1500,nosft_Qwen2_5-7B-Instruct-GPTQ-Int4__prompt_w25_trajectory.jsonl,7609,90085362d98aede1920ae0936633b70c9803e37c6b29ca853c510acb729eac24
1500,nosft_Qwen2_5-32B-Instruct__prompt_w25_trajectory.jsonl,7609,4c5937c2be3e856a4d01945891c1ca9e040c1c291cfc8c3da2bf96d13a66dde9
1500,nosft_Qwen2_5-72B-Instruct__prompt_w25_trajectory.jsonl,7609,304439f116a3f6f6db0aa4cfca89f54174cdaa73766f099ff4c6cdcd39cd34d1
1500,nosft_Llama-3_3-70B-Instruct__prompt_w25_trajectory.jsonl,7609,adbd4b2d2b3432c6b101a2dc95e9a5138740145542085df3396f98f7a89fd5d0
1500,nosft_Mistral-7B-Instruct-v0_3__prompt_w26.jsonl,7772,317e0e1df64ea5dbb75f20b2749add7cabe626dadf362b38bd8a424971c634e9
1500,nosft_Qwen2_5-7B-Instruct-GPTQ-Int4__prompt_w26.jsonl,7772,6472ded32c774feff5d4f8d115daf180cb3615f7e91ab68a8eb1b13b94fd5706
1500,nosft_Qwen2_5-32B-Instruct__prompt_w26.jsonl,7772,e9c8b8ff785f1675fd294dc5125ade6859b870c5b1bd45fdfe41471e2af8ade3
1500,nosft_Qwen2_5-72B-Instruct__prompt_w26.jsonl,7772,9b34d5ef5fd672dd91f2b2533075071b4bfd3ee3706542452a044ae72f9d2394
1500,nosft_Llama-3_3-70B-Instruct__prompt_w26.jsonl,7772,3e8355c14026c337bfccf8d78d04e04bb39266c6533003ea390194b24a818027
1500,nosft_Mistral-7B-Instruct-v0_3__prompt_w26_baseline_notime.jsonl,7772,d5a179dbfa483d119784a390461dfc50134d837709420407eb2429c712487c94
1500,nosft_Qwen2_5-7B-Instruct-GPTQ-Int4__prompt_w26_baseline_notime.jsonl,7772,56cef1f40ef680cd4c32b7438eed95a66806484f1cc46d6aa5cf6af57997f9b7
1500,nosft_Qwen2_5-32B-Instruct__prompt_w26_baseline_notime.jsonl,7772,7d1040e723cf00f8e2cbf394fac18e052cdc6c7d2ff5f5bb87135750fade4a5d
1500,nosft_Qwen2_5-72B-Instruct__prompt_w26_baseline_notime.jsonl,7772,b6d25a16e554fac18b096c69b82b7e1c1f2355473900b8d566b9efc4f3a79f8f
1500,nosft_Llama-3_3-70B-Instruct__prompt_w26_baseline_notime.jsonl,7772,4e41caaf6d427d28baa974b005d18cacc0bc74c98081cf9f5b1677b4dc9067fc
1500,nosft_Mistral-7B-Instruct-v0_3__prompt_w26_tanchored.jsonl,7772,8518afdc4868f367c4147f7d248bac4cc5f3a23330c3b8a27ad2e1656e86ee57
1500,nosft_Qwen2_5-7B-Instruct-GPTQ-Int4__prompt_w26_tanchored.jsonl,7772,007507993d4b2831e469b7f29a855468409b662d06ecc4092b3a97cd8a7cd7f2
1500,nosft_Qwen2_5-32B-Instruct__prompt_w26_tanchored.jsonl,7772,8c8075121b792768444296d401a40431ab67577630c4b88a5c01ad2a4f02d9f4
1500,nosft_Qwen2_5-72B-Instruct__prompt_w26_tanchored.jsonl,7772,9ae77c32b9324290b4a3251e7539319023eb635b80345c50cc4d3175f9a7ed23
1500,nosft_Llama-3_3-70B-Instruct__prompt_w26_tanchored.jsonl,7772,203f8051fe314d722e3f20f95042ec80aeb166e2402e2c09d83ba30b13a22859
1500,nosft_Mistral-7B-Instruct-v0_3__prompt_w26_trajectory.jsonl,6756,a7d2222bc535af4954f29556c96c1ee0de6f7823c9d88266638b7172f540142a
1500,nosft_Qwen2_5-7B-Instruct-GPTQ-Int4__prompt_w26_trajectory.jsonl,6756,e5d2fa94bb1458e7e9a155a3f3fc058ad9224213f9e926930c09ac50df0271c5
1500,nosft_Qwen2_5-32B-Instruct__prompt_w26_trajectory.jsonl,6756,9f7ea74a0676c90f4ae615e7d3d8b477324d35d4686bc6a3951319850d08e01b
1500,nosft_Qwen2_5-72B-Instruct__prompt_w26_trajectory.jsonl,6756,e0cf63ccb562a27bb4d0068e413891d665f185bce2ce4c4702482e281d25194b
1500,nosft_Llama-3_3-70B-Instruct__prompt_w26_trajectory.jsonl,6756,84c6d4ad3c19c817d62ae3953db92dee234a1e9bc985b160316522c9cce30948
1500_original_scale,nosft_Mistral-7B-Instruct-v0_3__prompt_w10.jsonl,9699,bd55552426df5e6bace542dd2bd4b78ef4d6ffe231d68d50c295cba2320f68c2
1500_original_scale,nosft_Qwen2_5-7B-Instruct-GPTQ-Int4__prompt_w10.jsonl,9699,b797517bff9170e77c0e88b406bfb4ab24a6e51fb209045ad44dd099331e087c
1500_original_scale,nosft_Qwen2_5-32B-Instruct__prompt_w10.jsonl,9699,4806015eb3b752c8c41ac78f2ddf293c86ed8b6ba9d3ceaa508af827038e2b51
1500_original_scale,nosft_Qwen2_5-72B-Instruct__prompt_w10.jsonl,9699,059716f7e41b18400ec63f17ff8e1da283c16a697551c8905570617fe6837a42
1500_original_scale,nosft_Llama-3_3-70B-Instruct__prompt_w10.jsonl,9699,5d74e56e1274f5140dac74dff660a11a38bafc022b25699c7721c69cc7e6060e
1500_original_scale,nosft_Mistral-7B-Instruct-v0_3__prompt_w10_baseline_notime.jsonl,9699,2047b65220306613f9733e3578532153808a66a2d773ad919027356192ca2440
1500_original_scale,nosft_Qwen2_5-7B-Instruct-GPTQ-Int4__prompt_w10_baseline_notime.jsonl,9699,f5db0e29a58c19163b1179f8cd75aad38e4ab586573a99d4f9a375f63db27f16
1500_original_scale,nosft_Qwen2_5-32B-Instruct__prompt_w10_baseline_notime.jsonl,9699,fd8058c2926dae420b707bf5fe79a1b31536303b46f33ce5d197687e1e2183ae
1500_original_scale,nosft_Qwen2_5-72B-Instruct__prompt_w10_baseline_notime.jsonl,9699,c8f37ee13702dfd7978011e638fc0886a5d2baa3bfab37948b2e1a035e4a449f
1500_original_scale,nosft_Llama-3_3-70B-Instruct__prompt_w10_baseline_notime.jsonl,9699,8c22e83b37e8e652d5b13be6448fdd4ff3028899b2c1c4e8d17f49a2143cd977
1500_original_scale,nosft_Mistral-7B-Instruct-v0_3__prompt_w10_tanchored.jsonl,9699,6d867a9004eddc74316f0d800a5b6f1fa7b09054afe31d70125ede49afd2e949
1500_original_scale,nosft_Qwen2_5-7B-Instruct-GPTQ-Int4__prompt_w10_tanchored.jsonl,9699,483efba7158c1c235b51c22dbbe4d77af1d812f79a338c6e60695e38b9318429
1500_original_scale,nosft_Qwen2_5-32B-Instruct__prompt_w10_tanchored.jsonl,9699,89e754131ba2a1f7d9c1a6d1ea3f0c0a08940c937191a735556326619264e586
1500_original_scale,nosft_Qwen2_5-72B-Instruct__prompt_w10_tanchored.jsonl,9699,b5de96bf65f8ad7af39653b2d4b46ee0387c322b55af02ee1bf89a360c71c9e8
1500_original_scale,nosft_Llama-3_3-70B-Instruct__prompt_w10_tanchored.jsonl,9699,abec6c5db91b5d360e625a537fedf7a2bf9c1a04e1b2c53ab2ae49d2451bce3b
1500_original_scale,nosft_Mistral-7B-Instruct-v0_3__prompt_w14.jsonl,7896,e99b37f00b5ea2f9e1a7287674b3d21bdc98ea6826992713a254365516453fbe
1500_original_scale,nosft_Qwen2_5-7B-Instruct-GPTQ-Int4__prompt_w14.jsonl,7896,d2dd24e0aac3fde80906c898282fff26e414cae62e312b30adf5fd69615530cb
1500_original_scale,nosft_Qwen2_5-32B-Instruct__prompt_w14.jsonl,7896,489ca38828371c370fa151fbd242ce783114e3d606a5529bf1149cbbdeec91aa
1500_original_scale,nosft_Qwen2_5-72B-Instruct__prompt_w14.jsonl,7896,6161a7cf98dff06f1061b84dcf5737ba2aedbf3c2ac58471f4d0399b45de5087
1500_original_scale,nosft_Llama-3_3-70B-Instruct__prompt_w14.jsonl,7896,3d317ce08364528ff4e26d0c517c4ebcad473af2f57399895db91ceb2e6d8119
1500_original_scale,nosft_Mistral-7B-Instruct-v0_3__prompt_w14_baseline_notime.jsonl,7896,fb26821319c1a9e57dd13aac4dcd7aaf23658d9907229e51297a88377c1324f1
1500_original_scale,nosft_Qwen2_5-7B-Instruct-GPTQ-Int4__prompt_w14_baseline_notime.jsonl,7896,1ccc85fc15279570ee47627f2c668c5a0c5baa3f03658639e2c544bec36e7ae3
1500_original_scale,nosft_Qwen2_5-32B-Instruct__prompt_w14_baseline_notime.jsonl,7896,a5abaa22cf352b1c598d9c90f375e09f91dddd6d2ef83ba615cbec9e524c51da
1500_original_scale,nosft_Qwen2_5-72B-Instruct__prompt_w14_baseline_notime.jsonl,7896,fb9be97894a97ddf2f175299e79dc5503dba37634b0960d71628f60dd7a52115
1500_original_scale,nosft_Llama-3_3-70B-Instruct__prompt_w14_baseline_notime.jsonl,7896,c4ce1692f85977d5c97e83d4b1a61b265cf8566eb5efae3b9c17ccd43a3d708d
1500_original_scale,nosft_Mistral-7B-Instruct-v0_3__prompt_w14_tanchored.jsonl,7896,59d7a1e376b5c069742196a1c77ef2ecb7c19b49a43a5e213c04efe3b983a105
1500_original_scale,nosft_Qwen2_5-7B-Instruct-GPTQ-Int4__prompt_w14_tanchored.jsonl,7896,9a6c58934319edd85f49eece9cc3e3f74c741226a707b353f818049adb45d29f
1500_original_scale,nosft_Qwen2_5-32B-Instruct__prompt_w14_tanchored.jsonl,7896,2091a98154b988f0745ae7c30d1f2b3f171c3291de42993710baa0d90641d27a
1500_original_scale,nosft_Qwen2_5-72B-Instruct__prompt_w14_tanchored.jsonl,7896,d518012bd755e8bf2b1052a4117e3f7eda3cf858bcac8ad68307c929bf2101ed
1500_original_scale,nosft_Llama-3_3-70B-Instruct__prompt_w14_tanchored.jsonl,7896,f0c28971b4d62667840bfcf09fc7e166008c41ad31c77582ae250a87bf8d08e0
1500_original_scale,nosft_Mistral-7B-Instruct-v0_3__prompt_w14_trajectory.jsonl,6704,7f69426bf212608c242517f54d22449d77be75571a11c0ff650e5f88261a340a
1500_original_scale,nosft_Qwen2_5-7B-Instruct-GPTQ-Int4__prompt_w14_trajectory.jsonl,6704,ee2347337a731c112c0b12390dde30fb18bcc6a56ce68f43f2cc8e5fd3b4dfa0
1500_original_scale,nosft_Qwen2_5-32B-Instruct__prompt_w14_trajectory.jsonl,6704,55b069afe5d5a3ba1661bca130f072870dc6e167d4eba1a6416aeeb1c17f0495
1500_original_scale,nosft_Qwen2_5-72B-Instruct__prompt_w14_trajectory.jsonl,6704,070c23fc6ad52b82ec0f3b8023e4dbd5ba5cb3d30d3a7464b7d7b15932a4e4e2
1500_original_scale,nosft_Llama-3_3-70B-Instruct__prompt_w14_trajectory.jsonl,6704,b973f844fd62484b02ed79d31a4f3b1cd18b1c3031b9fb6bd007447cbf00495a
1500_original_scale,nosft_Mistral-7B-Instruct-v0_3__prompt_w15.jsonl,14340,e28f3060bf62ea4b2adf076d3cb27ef834310fe5ae06910c1cb47352c3dd8b83
1500_original_scale,nosft_Qwen2_5-7B-Instruct-GPTQ-Int4__prompt_w15.jsonl,14340,1ad1427507ccdf3397ce69ee1c5e9ca63c2bb31ccf8357f5636a7a8e0b6d0dd8
1500_original_scale,nosft_Qwen2_5-32B-Instruct__prompt_w15.jsonl,14340,bc6ebbae36dd624653f18fbce878617ef959641b315689bee1ec9005450c673b
1500_original_scale,nosft_Qwen2_5-72B-Instruct__prompt_w15.jsonl,14340,032144ea5fbb7c2f6d0b1c02e8e31e144c51491ebe9e94d7ba49f09754dd937b
1500_original_scale,nosft_Llama-3_3-70B-Instruct__prompt_w15.jsonl,14340,e11417098bd46bf2be47556d46efb585205b53404389c7d0f1052e6d1e4b689d
1500_original_scale,nosft_Mistral-7B-Instruct-v0_3__prompt_w15_baseline_notime.jsonl,14340,954734ae0a3a475fdcbb7a9a090fc059a2daf03a9dd228846caadfd813c98a53
1500_original_scale,nosft_Qwen2_5-7B-Instruct-GPTQ-Int4__prompt_w15_baseline_notime.jsonl,14340,5e8deee9e55ad97b3187d350efb01427603e8148d8f90d67113cda08e1621e8d
1500_original_scale,nosft_Qwen2_5-32B-Instruct__prompt_w15_baseline_notime.jsonl,14340,67415d23010096a1b8faa7c8eb254fcaed13ded17c3a842c05811aef99e52515
1500_original_scale,nosft_Qwen2_5-72B-Instruct__prompt_w15_baseline_notime.jsonl,14340,6818061463b6575daf05d2cc210237fe3f4e7fd841dfb1fdd93cb91a09d8c477
1500_original_scale,nosft_Llama-3_3-70B-Instruct__prompt_w15_baseline_notime.jsonl,14340,a7b24d6e370fd54f006994d9611a899e553cf038bff475642087e552d135e743
1500_original_scale,nosft_Mistral-7B-Instruct-v0_3__prompt_w15_tanchored.jsonl,14340,79ac8c52f47d5ce207a751b90b730c17e26e82d3d854af878aeaebf5a6dc7c3a
1500_original_scale,nosft_Qwen2_5-7B-Instruct-GPTQ-Int4__prompt_w15_tanchored.jsonl,14340,c0e373cf9f654e2564373f7e9b38d2cd47d20fc14e441df7d3c985e1c458835e
1500_original_scale,nosft_Qwen2_5-32B-Instruct__prompt_w15_tanchored.jsonl,14340,68b334a29ef0639cdf9a1902f1251c95c06ab5f83f6fabcb80e2f83970230ce5
1500_original_scale,nosft_Qwen2_5-72B-Instruct__prompt_w15_tanchored.jsonl,14340,7c107195190651c4c49e48cc517c3b81360ec62d0fdaa4c003a504be4a4ca951
1500_original_scale,nosft_Llama-3_3-70B-Instruct__prompt_w15_tanchored.jsonl,14340,2f937fa9f07a240cb0e6860321dcd5629ce741ac5967060917456c6a70dc8675
1500_original_scale,nosft_Mistral-7B-Instruct-v0_3__prompt_w15_trajectory.jsonl,6736,50cede9b14fb3340178e38e046bd92bff98c9e093d62af96103687dbe4025b35
1500_original_scale,nosft_Qwen2_5-7B-Instruct-GPTQ-Int4__prompt_w15_trajectory.jsonl,6736,1ea96e3c2f6eaa6979b938e3a70a66c0567fe2017dbaa0b4143d75ec8c8953e2
1500_original_scale,nosft_Qwen2_5-32B-Instruct__prompt_w15_trajectory.jsonl,6736,586df5e59b98e52fee8b706312e4db27806e7ce573a6130adfa14bf0098c5856
1500_original_scale,nosft_Qwen2_5-72B-Instruct__prompt_w15_trajectory.jsonl,6736,275e59f5197c592336e6f77dd4dbb65e6ceb0003283406b8b28fe1cdec8d99c4
1500_original_scale,nosft_Llama-3_3-70B-Instruct__prompt_w15_trajectory.jsonl,6736,cdd7aae09213d09ae6be2ba015b638880ec78530bbd95e0965feb11b5a8e13d2
1500_original_scale,nosft_Mistral-7B-Instruct-v0_3__prompt_w22.jsonl,10946,7642aaa0c0c8fd916c192be8d0227441ab968bfb77d32f0a05afeea6d92208f1
1500_original_scale,nosft_Qwen2_5-7B-Instruct-GPTQ-Int4__prompt_w22.jsonl,10946,b3f9f9b1189d7c54940b597c0543a3e593f2ba32a7db44eec5a8d5e9ae9fb521
1500_original_scale,nosft_Qwen2_5-32B-Instruct__prompt_w22.jsonl,10946,a0e2bbc2c346babfd7c8142089b866a51818365afc0add20c70edaf19789728a
1500_original_scale,nosft_Qwen2_5-72B-Instruct__prompt_w22.jsonl,10946,4399b5c73df7d7c8e80a6a04ff17d2336050aedad4a59095310726ff8d68f992
1500_original_scale,nosft_Llama-3_3-70B-Instruct__prompt_w22.jsonl,10946,5ca7db4e1a654951338fd03c3e515d286c443aa6cbd2fc3ae1b15561d12129a9
1500_original_scale,nosft_Mistral-7B-Instruct-v0_3__prompt_w22_baseline_notime.jsonl,10946,842e5761a582fa884c290fe421b7b57b3e5b88f93090a96af9c1991dfb5385ce
1500_original_scale,nosft_Qwen2_5-7B-Instruct-GPTQ-Int4__prompt_w22_baseline_notime.jsonl,10946,04378c353da68c3e29c0d98dbf3ec7913f25a67a109bf5eafba3e2c9cdc41b4b
1500_original_scale,nosft_Qwen2_5-32B-Instruct__prompt_w22_baseline_notime.jsonl,10946,3ce801035dfe048b0c1c4ea4e85d5623a8d20bb4f50ba9bbb3d7b4b116e0b36b
1500_original_scale,nosft_Qwen2_5-72B-Instruct__prompt_w22_baseline_notime.jsonl,10946,db98a0c9687422202a0ac0ec26d8c58e5aa509b5db34d5bf59c1cfc9bb711736
1500_original_scale,nosft_Llama-3_3-70B-Instruct__prompt_w22_baseline_notime.jsonl,10946,2b16b73fa37509d744895e79fd681915418839ea4fd8489c3ea1e5b88eb956a0
1500_original_scale,nosft_Mistral-7B-Instruct-v0_3__prompt_w22_tanchored.jsonl,10946,6a0a855f2f05e156beb268e37b0836d43c99579467aea185362104b0921884e2
1500_original_scale,nosft_Qwen2_5-7B-Instruct-GPTQ-Int4__prompt_w22_tanchored.jsonl,10946,0c13b0d446b7ae326ae0b72f4d731ba6e338842be82487012835031050c30f25
1500_original_scale,nosft_Qwen2_5-32B-Instruct__prompt_w22_tanchored.jsonl,10946,c97acae67c9c0c6bacee9faa250b20d434468be0230ae915d6b185c95fd1febb
1500_original_scale,nosft_Qwen2_5-72B-Instruct__prompt_w22_tanchored.jsonl,10946,12e92c11710b50676a5ae750fc8a7d0a5f1f74c12bfe66dcacacf87b82287843
1500_original_scale,nosft_Llama-3_3-70B-Instruct__prompt_w22_tanchored.jsonl,10946,01fb5c784e5c44acb74bacad520fd9dc2efdf30e643f711503a25b39a641f70e
1500_original_scale,nosft_Mistral-7B-Instruct-v0_3__prompt_w22_trajectory.jsonl,9871,82639e62146566507f63c3fe52fe9b0c145035d4bbad448d4be9869c362c4fa6
1500_original_scale,nosft_Qwen2_5-7B-Instruct-GPTQ-Int4__prompt_w22_trajectory.jsonl,9871,8e9ba61611a99481d73cd72477e068770fa5e02f1f1d41f818b53dd02a81b445
1500_original_scale,nosft_Qwen2_5-32B-Instruct__prompt_w22_trajectory.jsonl,9871,d97b40f29f0225b94c0d7823ee3a24cd360492e2e6565aa4f223f3a08dbd1996
1500_original_scale,nosft_Qwen2_5-72B-Instruct__prompt_w22_trajectory.jsonl,9871,04c46cb2aa99e6c2e8ff1e06a3bd722ba12ca0e4dcbbba78d4344399d3b87ac2
1500_original_scale,nosft_Llama-3_3-70B-Instruct__prompt_w22_trajectory.jsonl,9871,fe10810a2fcc69d15f4d936ae49302694654dab5c073c780780df67f25eeaa96
1500_original_scale,nosft_Mistral-7B-Instruct-v0_3__prompt_w23.jsonl,9896,2293d7d384ee6cfbaa7c078b05d5b2a0a79ccb9f0129c3b24285bd1550b7665e
1500_original_scale,nosft_Qwen2_5-7B-Instruct-GPTQ-Int4__prompt_w23.jsonl,9896,aecfa726991fd7daad5f33710ada6dbe5b10db74f63213f3e2f6fcd4c2566c1c
1500_original_scale,nosft_Qwen2_5-32B-Instruct__prompt_w23.jsonl,9896,8825303cf640621f1a482c4dd73509362bd43b1dfdde9154189c8e18796544ae
1500_original_scale,nosft_Qwen2_5-72B-Instruct__prompt_w23.jsonl,9896,f8ab363806313a66893d9a6ea0ab07fdccef2642d96854ed9ea223e08f330ab0
1500_original_scale,nosft_Llama-3_3-70B-Instruct__prompt_w23.jsonl,9896,2b335c0e3d6ec289889918b6ebf4ae5eb36a2daf874007913389e3aa3744b5f3
1500_original_scale,nosft_Mistral-7B-Instruct-v0_3__prompt_w23_baseline_notime.jsonl,9896,9466f9421482b3af707fb0d7c2b7bf0d0854d27285d29c62b0b936f2024021be
1500_original_scale,nosft_Qwen2_5-7B-Instruct-GPTQ-Int4__prompt_w23_baseline_notime.jsonl,9896,8fa5fe58ed71119021d5f18bfcc4db0cfac7173590e4c36bde1b33fe4f8ca366
1500_original_scale,nosft_Qwen2_5-32B-Instruct__prompt_w23_baseline_notime.jsonl,9896,110cdcec29d4060aa1ecb9058ec2cff56b9edc2f68c32b65adb58b167d26aae1
1500_original_scale,nosft_Qwen2_5-72B-Instruct__prompt_w23_baseline_notime.jsonl,9896,70ee30d2ad1aea1ef4f90294a7ab34b15503bac75a75bb27a5aa6a723aac08c3
1500_original_scale,nosft_Llama-3_3-70B-Instruct__prompt_w23_baseline_notime.jsonl,9896,eb4a19c178375b78e91ee38c20874392c5035891ebbd4192f66acb37e1b9d544
1500_original_scale,nosft_Mistral-7B-Instruct-v0_3__prompt_w23_tanchored.jsonl,9896,2047a28a73d9acc1f2a197610b9b32065a62f648051c03f6d7ea73d9b1d15b18
1500_original_scale,nosft_Qwen2_5-7B-Instruct-GPTQ-Int4__prompt_w23_tanchored.jsonl,9896,78bff73409499c47180ed2c21f53a372af5ecd22ef13d456daa8ecda71b22f3d
1500_original_scale,nosft_Qwen2_5-32B-Instruct__prompt_w23_tanchored.jsonl,9896,6d3db9ea2d1570b2bf03069499684448eb9bdb9fbaed61a38f759a38190e6b58
1500_original_scale,nosft_Qwen2_5-72B-Instruct__prompt_w23_tanchored.jsonl,9896,1bd899c198b1e8213db2ed0713bb33d8eb7b256169ff92d580a126766e8cb4b8
1500_original_scale,nosft_Llama-3_3-70B-Instruct__prompt_w23_tanchored.jsonl,9896,8a8e28a0118b980edf4f8a28466b4cbd575a95b14c77d74f4328c41d6e8977aa
1500_original_scale,nosft_Mistral-7B-Instruct-v0_3__prompt_w23_trajectory.jsonl,8578,8240941ba63d34645f1ca614641f5a002a4385887554a49998fdf63d8eb50c21
1500_original_scale,nosft_Qwen2_5-7B-Instruct-GPTQ-Int4__prompt_w23_trajectory.jsonl,8578,f87c359de27ea7e60465b8d739e644a6b7b49007d385413ead154f44057c8c06
1500_original_scale,nosft_Qwen2_5-32B-Instruct__prompt_w23_trajectory.jsonl,8578,88273e1dd713a2f4eecfa961cd16577e653ca268ff2bb2416ad984fe6daec4df
1500_original_scale,nosft_Qwen2_5-72B-Instruct__prompt_w23_trajectory.jsonl,8578,0614f94a42c3b876fb75999465e94de723329b8df9f6fdda9085b66536e9a7a8
1500_original_scale,nosft_Llama-3_3-70B-Instruct__prompt_w23_trajectory.jsonl,8578,002b7e0ddb0a7d34f872b47a5c5d8f85759535273ec5d8fbdd2ac07d90f351d6
1500_original_scale,nosft_Mistral-7B-Instruct-v0_3__prompt_w25.jsonl,9085,6c207d68012a25e987b1e22d07dca11eccc77c36d4d67d6d419cebc45c302d24
1500_original_scale,nosft_Qwen2_5-7B-Instruct-GPTQ-Int4__prompt_w25.jsonl,9085,ba2d548b278271c527315bd5013b437f659c069495f67a669d5dcf79dde2e86b
1500_original_scale,nosft_Qwen2_5-32B-Instruct__prompt_w25.jsonl,9085,cbba4034db2209d3c6d3ec635a696c8bafc0ac1e1d6afdfa2b1bc3cd5595d5c0
1500_original_scale,nosft_Qwen2_5-72B-Instruct__prompt_w25.jsonl,9085,0cd7b179e9ec3796246162b8ae13b2838a93eb4f5e32647da81f20ab6c58825e
1500_original_scale,nosft_Llama-3_3-70B-Instruct__prompt_w25.jsonl,9085,ef507c7598c49ac5a21034530cec4a118cfda27a5754a83a94eb2fdae0c6fff1
1500_original_scale,nosft_Mistral-7B-Instruct-v0_3__prompt_w25_baseline_notime.jsonl,9085,744a8734618abe98442a2a5892ce8c05c8889ad5b84b8d377e6396b23be05bf7
1500_original_scale,nosft_Qwen2_5-7B-Instruct-GPTQ-Int4__prompt_w25_baseline_notime.jsonl,9085,9eb36b742caebce0f02840be3bf9f8b3c44d75ab2247050a46cdb67e724798b2
1500_original_scale,nosft_Qwen2_5-32B-Instruct__prompt_w25_baseline_notime.jsonl,9085,ccbd9e9e84e28458f53c44e3d4689add7966ae9c0fae517960b7f3badddbcae2
1500_original_scale,nosft_Qwen2_5-72B-Instruct__prompt_w25_baseline_notime.jsonl,9085,87c5acc81171a62522fafdda10365b64322abfbd8c9149ee967765537cf6b164
1500_original_scale,nosft_Llama-3_3-70B-Instruct__prompt_w25_baseline_notime.jsonl,9085,02a62bcaff54be925107c717cd5454943271ed6062ac11f3fd22bc796f0af5db
1500_original_scale,nosft_Mistral-7B-Instruct-v0_3__prompt_w25_tanchored.jsonl,9085,f225ddb84c39fd004c24f7ce168994d956914c0bee5f00d81b41f7243d44f50a
1500_original_scale,nosft_Qwen2_5-7B-Instruct-GPTQ-Int4__prompt_w25_tanchored.jsonl,9085,438fb13c6b15ddaa48ae62116976b4bbae6e145a329e3a8a6c9a63ac1e58032f
1500_original_scale,nosft_Qwen2_5-32B-Instruct__prompt_w25_tanchored.jsonl,9085,20f6d2aef666e5876437db76cc1421f3c6de029aa2f6ede864655f6e0eac1acc
1500_original_scale,nosft_Qwen2_5-72B-Instruct__prompt_w25_tanchored.jsonl,9085,5350974e62be3e0dd76c7c07772abd4d792dab6f381c8f00df292f9186f7748a
1500_original_scale,nosft_Llama-3_3-70B-Instruct__prompt_w25_tanchored.jsonl,9085,95735a30493a23604507ba55c35bef51ac6802946425d5b36836a694c97109af
1500_original_scale,nosft_Mistral-7B-Instruct-v0_3__prompt_w25_trajectory.jsonl,7609,ddddc021c84c73c765d39c57bf94ee5bcbb31c1c87008c717fce9936f7eab17e
1500_original_scale,nosft_Qwen2_5-7B-Instruct-GPTQ-Int4__prompt_w25_trajectory.jsonl,7609,d93555b0625938ff339df87bab3e6cbe758c7b5098f1ff7626e1c052228a0572
1500_original_scale,nosft_Qwen2_5-32B-Instruct__prompt_w25_trajectory.jsonl,7609,accc72d124a85c388dbfddd563702eef8cd8cfffe6b115917672f55056b2703e
1500_original_scale,nosft_Qwen2_5-72B-Instruct__prompt_w25_trajectory.jsonl,7609,a6e9f8e0e93fbfc17551b179bc717c5db00069eee4666501372ea3bc6b76ac62
1500_original_scale,nosft_Llama-3_3-70B-Instruct__prompt_w25_trajectory.jsonl,7609,67ae9a9143390e25ad5b6bc18217821c28943cf7bc1fabaccab7f2a1c6d055d9
1500_original_scale,nosft_Mistral-7B-Instruct-v0_3__prompt_w26.jsonl,7772,b752f893950689ab62076bb57d20bd10aec59323a7a28d972e25632c64371f64
1500_original_scale,nosft_Qwen2_5-7B-Instruct-GPTQ-Int4__prompt_w26.jsonl,7772,bd14d29e99522e5d0c8b83a12f60064980ffe599ce6ec8051882aecda5e34277
1500_original_scale,nosft_Qwen2_5-32B-Instruct__prompt_w26.jsonl,7772,353c8f296454d28966e1c5863b9d65042af794096509c8b76b00c916dd76da56
1500_original_scale,nosft_Qwen2_5-72B-Instruct__prompt_w26.jsonl,7772,854d0c399538f71cc933c5c072e2adcf2e6309074bc1ec01b2c372226bbbc29f
1500_original_scale,nosft_Llama-3_3-70B-Instruct__prompt_w26.jsonl,7772,920502954e0f8ea4ee985b634b9beaec6d47b4a4261de3be0d023082554372c3
1500_original_scale,nosft_Mistral-7B-Instruct-v0_3__prompt_w26_baseline_notime.jsonl,7772,a45867bd378abeedbe498516c1c33af1f9938a9397519e33259251d169e69cab
1500_original_scale,nosft_Qwen2_5-7B-Instruct-GPTQ-Int4__prompt_w26_baseline_notime.jsonl,7772,c8fce2813944309854183ff8f394f5b1aabbb3ee2294ff58b2e66325cd9033de
1500_original_scale,nosft_Qwen2_5-32B-Instruct__prompt_w26_baseline_notime.jsonl,7772,d41ded06d6e7a44276d991c292feace63bf7e21d281716aacef1c6cbde3a5540
1500_original_scale,nosft_Qwen2_5-72B-Instruct__prompt_w26_baseline_notime.jsonl,7772,8e8363aa865260f2b9247c2022cbe1f64c80ba68592f000828ceaf4106a4611c
1500_original_scale,nosft_Llama-3_3-70B-Instruct__prompt_w26_baseline_notime.jsonl,7772,b1e4542c44ef82d9b0c3e3c6f1856ace6b72820c265bf142d078cd4f20aeec49
1500_original_scale,nosft_Mistral-7B-Instruct-v0_3__prompt_w26_tanchored.jsonl,7772,583d08e7786fb0211c252f7718a14ca45b2bc35564b685b8dc209031df56bcb8
1500_original_scale,nosft_Qwen2_5-7B-Instruct-GPTQ-Int4__prompt_w26_tanchored.jsonl,7772,da4e878c6ad01dd464e290e2a35ca8e39762bbe674838cb7942a93bd1acee60c
1500_original_scale,nosft_Qwen2_5-32B-Instruct__prompt_w26_tanchored.jsonl,7772,a1b41331571020d5b8382f04402520c38512d88b60ec593f587ea9e545e3853e
1500_original_scale,nosft_Qwen2_5-72B-Instruct__prompt_w26_tanchored.jsonl,7772,a9938f15de7609c2dcf8c4c64e6a76484577295c1e5e2f227087e098fe581f61
1500_original_scale,nosft_Llama-3_3-70B-Instruct__prompt_w26_tanchored.jsonl,7772,433809c78b57b9630d5d2f11ac1c19f2ba94a5a714e7afcf1cba2cbe1711d258
1500_original_scale,nosft_Mistral-7B-Instruct-v0_3__prompt_w26_trajectory.jsonl,6756,59d458dc4c9a7d5d13944624d259b4731b929b568cf0f693ba30837b8edb9d78
1500_original_scale,nosft_Qwen2_5-7B-Instruct-GPTQ-Int4__prompt_w26_trajectory.jsonl,6756,c97184f248b6e0253531b5454a605280d097225c4e26efbd00f38e0b9d51b00c
1500_original_scale,nosft_Qwen2_5-32B-Instruct__prompt_w26_trajectory.jsonl,6756,b527eed9842775bcfcf63ee2f4b60006bbd7a342a13256790af1f0f88c84d677
1500_original_scale,nosft_Qwen2_5-72B-Instruct__prompt_w26_trajectory.jsonl,6756,8971432d06432a3a16780d3538209f1c98e835f0874f6e288a7863ac0758798f
1500_original_scale,nosft_Llama-3_3-70B-Instruct__prompt_w26_trajectory.jsonl,6756,67b6062d3472f1390610fb1eb3773fe192242ea481695a30028ab555159c0567
